ID,Leiter,Condition,T1 Datum,T2 Datum,Link T1 (Automatisch),Link T2 (Automatisch),Anmerkungen,https://psyunibe.qualtrics.com/jfe/form/SV_bIbp28sLL0Uoz1b,zweiter link,Zeit,Frage1,Frage2,Frage3,Geschlecht,Alter,is T2-T1 Date larger than or equal to 5 days?,less than 4 days?
ARAR65,anna.roesli,text,15.11.2019,26.11.2019,https://psyunibe.qualtrics.com/jfe/form/SV_bIbp28sLL0Uoz1bARAR65,ARAR65text,ist interessiert an den eigenen Ergebnissen des IAT,,,2 min 43 sek,"war erstaunt, dass er neutral geschrieben war und nicht dazu motivieren wollte, etwas für die Umwelt zu tun",Schwund des Aletschgletschers wirklich sehr alarmierend,-,W,54,TRUE,FALSE
ARAR98,anna.roesli,text.bild,14.11.2019,26.11.2019,https://psyunibe.qualtrics.com/jfe/form/SV_bIbp28sLL0Uoz1bARAR98,ARAR98text.bild,-,,,3 min 16 sek,fand den Text etwas repetitiv,-,-,M,21,TRUE,FALSE
ARAS94,anna.roesli,text.bild,13.11.2019,26.11.2019,https://psyunibe.qualtrics.com/jfe/form/SV_bIbp28sLL0Uoz1bARAS94,ARAS94text.bild,-,,,2 min 30 sek,"Text war informativ und prägnant, eindrückliche Bilder",-,"Items haben sie dazu angeregt, dass sie weiterhin auf Umwelt und Mitmenschen Rücksicht nehmen will",W,25,TRUE,FALSE
ARDR64,anna.roesli,text.bild,15.11.2019,,https://psyunibe.qualtrics.com/jfe/form/SV_bIbp28sLL0Uoz1bARDR64,ARDR64text.bild,,,,,,,,M,-,FALSE,FALSE
ARDR97,anna.roesli,text,13.11.2019,25.11.2019,https://psyunibe.qualtrics.com/jfe/form/SV_bIbp28sLL0Uoz1bARDR97,ARDR97text,ist interessiert an Resultaten,,,2 min 15 sek,"fand Text etwas speziell, wie Geschichte in der Zukunft erzählt wird von jemandem, der längst gestorben ist",-,"nichts Konkretes, fand aber generell Auseinandersetzung mit dem Thema wichtig und gut",M,22,TRUE,FALSE
ARDS53,anna.roesli,video,15.11.2019,25.11.2019,https://psyunibe.qualtrics.com/jfe/form/SV_bIbp28sLL0Uoz1bARDS53,ARDS53video,"konnte Computer nur schlecht bedienen, hat gesamthaft für das Experiment fast eine Stunde benötigt, hat immer wieder dazwischen Fragen gestellt, ist interessiert an Resultaten/Abschlussbericht",,,-,"Inhalt sehr gut, graphisch aber nicht vergleichbar mit Natur","Nein, weil er dies schon gekannt hat und bereits viel darüber weiss.",-,M,66,TRUE,FALSE
AREF98,anna.roesli,video,13.11.2019,,https://psyunibe.qualtrics.com/jfe/form/SV_bIbp28sLL0Uoz1bAREF98,AREF98video,,,,-,,,,W,-,FALSE,FALSE
ARGZ94,anna.roesli,video,18.11.2019,16.12.2019,https://psyunibe.qualtrics.com/jfe/form/SV_bIbp28sLL0Uoz1bARGZ94,ARGZ94video,-,,,-,-,weiterhin Beschäftigung mit dem Thema,-,W,25,TRUE,FALSE
ARHL00,anna.roesli,video,13.11.2019,25.11.2019,https://psyunibe.qualtrics.com/jfe/form/SV_bIbp28sLL0Uoz1bARHL00,ARHL00video,ist interessiert an Resultaten,,,-,"fand Video unangenehm, dass sie den Blick nicht selbst steuern konnte, sonst aber schon prägend","wurde wieder einmal bewusst, wie schlecht es um unsere Welt steht","möchte weiterhin möglichst umweltbewusst handeln, wird sich aber nichts gross verändern",W,19,TRUE,FALSE
ARJA99,anna.roesli,text,17.11.2019,25.11.2019,https://psyunibe.qualtrics.com/jfe/form/SV_bIbp28sLL0Uoz1bARJA99,ARJA99text,-,,,2 min 13 sek,"einfach geschrieben (evtl. für Kinder oder jemanden, der nicht so gut Bescheid weiss)",-,-,W,20,TRUE,FALSE
ARLW94,anna.roesli,text,13.11.2019,26.11.2019,https://psyunibe.qualtrics.com/jfe/form/SV_bIbp28sLL0Uoz1bARLW94,ARLW94text,-,,,2 min 48 sek,konkrete Details zum Aletschgletscher waren neu,-,möchte sich über Klimawandel in anderen Disziplinen (z.B. aus Sicht der Astrophysik) noch genauer informieren,W,25,TRUE,FALSE
ARLW95,anna.roesli,text,14.11.2019,25.11.2019,https://psyunibe.qualtrics.com/jfe/form/SV_bIbp28sLL0Uoz1bARLW95,ARLW95text,-,,,2 min 43 sek,-,"bezüglich eines Items (egal, was ich tue, es wird nicht das Geschehen an anderen Orten verändern): wurde darauf aufmerksam, dass das wirklich keine ""kluge"" Einstellung ist und möchte dies verändern",-,M,24,TRUE,FALSE
ARMS94,anna.roesli,video,13.11.2019,25.11.2019,https://psyunibe.qualtrics.com/jfe/form/SV_bIbp28sLL0Uoz1bARMS94,ARMS94video,-,,,-,-,-,-,M,25,TRUE,FALSE
ARSF95,anna.roesli,text.bild,13.11.2019,25.11.2019,https://psyunibe.qualtrics.com/jfe/form/SV_bIbp28sLL0Uoz1bARSF95,ARSF95text.bild,-,,,2 min 30 sek,"Text war einfach geschrieben, hat vermutet dass allenfalls für Kinder",-,-,M,24,TRUE,FALSE
ARSW00,anna.roesli,text.bild,13.11.2019,26.11.2019,https://psyunibe.qualtrics.com/jfe/form/SV_bIbp28sLL0Uoz1bARSW00,ARSW00text.bild,ist interessiert an Resultaten,,,2 min 18 sek,"fantasievoll, evtl. auch für Kinder geeignet",-,-,W,19,TRUE,FALSE
ASCH96,alina.schaerer,text.bild,19.11.2019,28.11.2019,https://psyunibe.qualtrics.com/jfe/form/SV_bIbp28sLL0Uoz1bASCH96,ASCH96text.bild,,,,3 min 23 sec,"beeindruckend, da ich Alteschgletscher auch schon gesehen habe, krass wie schnell die Gletscherschmelze geht, bleibt nicht mehr viel Zeit","habe schon wieder Papp-Becher für Kaffee dabei (eigener vergessen), probiere weniger mit dem Auto zu fahren und mehr ÖV zu nehmen, und probiere allg. bewusster zu leben","direkt ändern ist schwierig, aber denkt oft man ist ja bloss eine Person und dass es etwas bewirkt, müssten viele Handeln
",W,23,TRUE,FALSE
ASDB98,alina.schaerer,text,17.11.2019,28.11.2019,https://psyunibe.qualtrics.com/jfe/form/SV_bIbp28sLL0Uoz1bASDB98,ASDB98text,,,,2 min 18 sec,erstaunlich was ein geringer Temperaturanstieg bewirken kann,"Nein, aber war gut mitzumachen
","Nein, bilde meine Einstellung selbst und dafür muss ich nicht an Studie/Experiment mitmachen, sondern selbst durchs Leben gehen ",M,21,TRUE,FALSE
ASDG98,alina.schaerer,video,18.11.2019,28.11.2019,https://psyunibe.qualtrics.com/jfe/form/SV_bIbp28sLL0Uoz1bASDG98,ASDG98video,,,,,"animiert, geht um Klimawandel, nicht erstaunt (da Skifahrer und gut informiert)","müssen etwas gegen den Klimawandel machen und unsere Gletscher schützen
","nein, sehe Ursache v.a. bei Industrie und der damaligen Industriealisierung und nicht bei einzelnen Personen",M,21,TRUE,FALSE
ASFG97,alina.schaerer,video,17.11.2019,29.11.2019,https://psyunibe.qualtrics.com/jfe/form/SV_bIbp28sLL0Uoz1bASFG97,ASFG97video,,,,,"gefallen, aber ich fand die Graphik nicht so gut und deshalb war es witzig wenn man sich in diese Welt hinein versetzen musste","Nein, habe grundsätzlich nichts neues gelernt, ist klar, dass Aletschgletscher ziemlich radikal zurück geht und einmal nicht mehr ist, aber kann sich das durch Verbildlichung besser vorstellen","Vielleicht noch aktiver probieren mehr auf Umgebung und Natur zu schauen und umweltfreundlicher wird, aber schlussendlich ist es als Einzelperson nicht einfach viel zu bewirken, sollte aber bewusster leben",W,22,TRUE,FALSE
ASHK62,alina.schaerer,text.bild,17.11.2019,28.11.2019,https://psyunibe.qualtrics.com/jfe/form/SV_bIbp28sLL0Uoz1bASHK62,ASHK62text.bild,,,,3 min 42 sec,"schockierend, dass so Grade so viel ausmachen...",sollte umweltbewusster leben,"habe schon einiges geändert (Druck durch Tochter), aber mehr geht immer noch ",W,57,TRUE,FALSE
ASJK92,alina.schaerer,text,17.11.2019,29.11.2019,https://psyunibe.qualtrics.com/jfe/form/SV_bIbp28sLL0Uoz1bASJK92,ASJK92text,,,,1 min 42 sec,"1. Schreibfehler in Text
2. hat mir nicht gefallen, da traurig, aber nicht schockiert, da ich das schon gewusst habe und mich damit befasse, aber krass dass 2070 nichts mehr hier ist...",einfachere Bedingung: Natur + positiv als Menschgemacht + positiv,"Nein, nur dass ich es cool finde, dass ihr das untersucht und sich so mehr Menschen damit befassen, darum bin ich dankbar, weil ich finde dass mehr Menschen sich Gedanken machen sollten",W,27,TRUE,FALSE
ASLB95,alina.schaerer,text.bild,20.11.2019,29.11.2019,https://psyunibe.qualtrics.com/jfe/form/SV_bIbp28sLL0Uoz1bASLB95,ASLB95text.bild,,,,"3 min 26 sec
",sehr eindrücklich und interessant erzählt,"wir einen einmal mehr bewusst, wie es um unsere Welt steht und dass man etwas machen müsste","Ich gebe mir schon Mühe umweltbewusst zu leben, denke mehr als bereits werde ich nicht machen",M,24,TRUE,FALSE
ASLH01,alina.schaerer,video,17.11.2019,29.11.2019,https://psyunibe.qualtrics.com/jfe/form/SV_bIbp28sLL0Uoz1bASLH01,ASLH01video,,,,,"spannend, was so geringe Temperaturunterschiede ausrichten können","Ja, ich werde probieren mehr auf die Umwelt zu achten",Vlt sollte ich weniger Dinge Online bestellen,M,19,TRUE,FALSE
ASLI98,alina.schaerer,text,17.11.2019,29.11.2019,https://psyunibe.qualtrics.com/jfe/form/SV_bIbp28sLL0Uoz1bASLI98,ASLI98text,,,,2 min 10 sec,"gut gefallen, gibt guter Überblick, und einfach verständlich durch Erzähler, aber für mich nichts neues","Nein, da ich davor schon dieser Meinung war","Nein, ich denke nicht",W,21,TRUE,FALSE
ASLK98,alina.schaerer,text.bild,17.11.2019,29.11.2019,https://psyunibe.qualtrics.com/jfe/form/SV_bIbp28sLL0Uoz1bASLK98,ASLK98text.bild,,,,1 min 24 sec,"spannend und erschreckend dass sich in so kurzen Zeiträumen so viel verändert, v.a. dass der Gletscher bald weg sein wird
","Dass Klimawandel und Gletscherschmelze ein wichtiges Thema sind, war mir schon bewusst, daher weiss ich nicht ob sich meine Haltung geändert hat","Schwierig, es ist's eins zu wissen, was man anders machen sollte, aber ob man das dann wirklich macht... Ist wie bei allen Vorsätzen, die man sich nimmt",M,21,TRUE,FALSE
ASMS67,alina.schaerer,video,17.11.2019,28.11.2019,https://psyunibe.qualtrics.com/jfe/form/SV_bIbp28sLL0Uoz1bASMS67,ASMS67video,,,,,"Anfangs: Film nicht so scharf, da Gleichsichtbrille, musste sich konzetrieren richtig zu schauen. Sonst gefällt Video","Schockiert, dass Gletscher in kurzer Zeit weg sein wird, hatte sie sich noch nie so überlegt ","Hofft es!
Will mehr auf Umwelt achten: neue Heizung wird sicherlich nicht eine Ölheizung sein
",W,52,TRUE,FALSE
ASSA97,alina.schaerer,text,17.11.2019,28.11.2019,https://psyunibe.qualtrics.com/jfe/form/SV_bIbp28sLL0Uoz1bASSA97,ASSA97text,,,,2 min 15 sec,"Nein, hat sich gefragt wieso jmd von London Geschichte erzählt","bei IAT: Wenn man bei pos. und menschengemacht drücken musste, war schwieriger, da es für sie logischer ist andersherum
","Nein, da ich mich schon sonst mit diesem Thema beschäftige und ich habe mir diese Fragen schon einige male gestellt ",W,22,TRUE,FALSE
ASSG97,alina.schaerer,text.bild,19.11.2019,28.11.2019,https://psyunibe.qualtrics.com/jfe/form/SV_bIbp28sLL0Uoz1bASSG97,ASSG97text.bild,,,,3 min 40 sec,"Hat es komisch gefunden, dass Erzähler in Zukunft sehen kann...
","noch bewusster für die Umwelt werden
Natur + pos. fiel mir einfach als Menschengemacht + pos.","bewusster Leben
",M,22,TRUE,FALSE
ASSS97,alina.schaerer,video,17.11.2019,28.11.2019,https://psyunibe.qualtrics.com/jfe/form/SV_bIbp28sLL0Uoz1bASSS97,ASSS97video,,,,,"gut zu sehen, aber habe Karikatur schon gekannt von Kipp-Postkarte des Aletschgletschers. Wäre cooler gewesen, wenn mit Zeit über Gletscher geflogen, durch Perspektivenwechsel geht z.T. unter wie stark er zurück geht - erst am Schluss klar ersichtlich","bewusst nicht, aber meint man soll seinen Handlungen bewusst sein
",siehe Frage 2: nicht bewusst,M,22,TRUE,FALSE
ASSS99,alina.schaerer,text,18.11.2019,28.11.2019,https://psyunibe.qualtrics.com/jfe/form/SV_bIbp28sLL0Uoz1bASSS99,ASSS99text,,,,2 min 52 sec,krass wie durch exponentielle Zunahme der Temperatur der Gletscher immer mehr schmilzt,"solche Texte zeigen, was Menschheit alles angestellt hat, aber trotzdem machen wir immer noch zu wenig: Forschen und Reden reicht nicht, muss Handeln!","habe gemerkt, dass ich selbst auch noch mehr machen kann",W,20,TRUE,FALSE
FSAN68,fabia.somalvico,text.bild,11.12.2019,19.12.2019,https://psyunibe.qualtrics.com/jfe/form/SV_bIbp28sLL0Uoz1bFSAN68,FSAN68text.bild,,,,02:55,"war eher eine fiktive Geschichte, weil Tyndall die Zeitspanne von 200 Jahren behandelte. wurde personifiziert, weil er das erzählt hat, ist aber eine wissenschaftliche Ansicht, die er als real wahrnimmt. ","zeigt eigene Inkonsequenz auf, z.b. beim Fleischessen. Eine andere ethische Einstellung als dann das tatsächliche Verhalten. ","Alleine persönliche Konsequenzen ziehen ist schwierig, mit Unterstützung aber einfacher, sich ein Ziel zu setzen. ",M,51,TRUE,FALSE
FSCS91,fabia.somalvico,video,13.12.2019,21.12.2019,https://psyunibe.qualtrics.com/jfe/form/SV_bIbp28sLL0Uoz1bFSCS91,FSCS91video,,,,,"Akustik ist speziell aufgefallen, die hat ihr gefallen. Es hat sie an die Natur erinnert, als wäre man in der Natur. ","Die Frage ""hast du auf Fehler geachtet"" hat sie irritiert. Sie hat die Frage in folgendem Sinne interpretiert: wie misstrauisch bist du dem gegenüber? Sie hat sich dann überlegt ob sie zu unkritisch sei, denn obwohl sie das Thema schon gut kennt, weiss sie nicht über die genauen Zahlen Bescheid, aber wieso sollten wir ihr denn ""Fake news"" servieren? Sie nimmt diesen Moment der Irritation bei der Frage mit. ",macht gleich weiter wie bisher. War schon vorher sehr sensibilisiert beim Umweltschutz. ,W,28,TRUE,FALSE
FSFW69,fabia.somalvico,video,09.12.2019,19.12.2019,https://psyunibe.qualtrics.com/jfe/form/SV_bIbp28sLL0Uoz1bFSFW69,FSFW69video,,,,,"war interessant, aber nichts Neues. Der Zeitraffer war extrem eindrücklich. Hätte gerne die Berge noch etwas länger angeschaut im Video.","in einigen Bereichen ist eigene Haltung ganz klar: z.b. Beziehung zur Natur. Bei anderen Fragen eher schwankend, weil sie nicht mehr wusste wie sie das letze mal geantwortet hatte. z.b .Bei der Frage ob den WIssenschaftlern geglaubt werden soll oder nicht. (die hatten ja immer wieder PRognosen gestellt, die dann nicht stimmten)",nein,W,50,TRUE,FALSE
FSHM98,fabia.somalvico,video,18.11.2019,27.11.2019,https://psyunibe.qualtrics.com/jfe/form/SV_bIbp28sLL0Uoz1bFSHM98,FSHM98video,,,,-,-,Die nächsten hundert Jahre werden wahrscheinlich ungemütlich. ,"zieht keine persönlichen Konsequenzen, weil die Konsequenzen bereits vor einiger Zeit gezogen wurden. ",M,21,TRUE,FALSE
FSJM98,fabia.somalvico,text.bild,24.11.2019,2.12.2019,https://psyunibe.qualtrics.com/jfe/form/SV_bIbp28sLL0Uoz1bFSJM98,FSJM98text.bild,,,,02:58,"Geschichte war spannend, ist eindrücklich wie wenig Temperatur eine solch grosse Veränderung auslösen kann. ",Dass man immer gut darauf schauen soll (ökologisches Verhalten),"Keine persönlichen Konsequenzen wegen diesem Text, Wissen war ja schon vorher da. ",W,21,TRUE,FALSE
FSJS67,fabia.somalvico,text,24.11.2019,04.12.2019,https://psyunibe.qualtrics.com/jfe/form/SV_bIbp28sLL0Uoz1bFSJS67,FSJS67text,,,,03:50,"Lustig, weil er Tyndall schon gekannt hat. War anstrengend, weil er das Gefühl hatte, er müsste alles wissen und würde dann abgefragt werden. Aber sonst spannend. ","Beim zweiten Mal Fragebogen fragt man sich, ob man das wohl gleich ausgefüllt hat beim ersten Mal. ",Nein. ,M,52,TRUE,FALSE
FSJS96,fabia.somalvico,text,17.11.2019,27.11.2019,https://psyunibe.qualtrics.com/jfe/form/SV_bIbp28sLL0Uoz1bFSJS96,FSJS96text,,,,03:04,"Spannende Geschichte, aber auch sehr anstrengend zu lesen, weil so viele. Zahlen/Fakten in so einem kurzen Text vorhanden sind. Standort Belalp ist speziell aufgefallen, weil ein persönlicher Bezug dazu da ist. Eindrücklich, dass 2070 sozusagen kein Gletscher mehr da ist. ","Es ist wirklich ein schwerwiegendes Problem. Und es handelt sich nicht um 500 oder 1000 Jahren, in denen diese Folgen des Klimawandels eintreten, sondern es ist sehr akut und läuft sehr schnell ab. ",Keine persönlichen Konsequenzen mehr als vor der Geschichte. ,W,23,TRUE,FALSE
FSJX99,fabia.somalvico,text,23.11.2019,03.12.2019,https://psyunibe.qualtrics.com/jfe/form/SV_bIbp28sLL0Uoz1bFSJX99,FSJX99text,,,,02:54,"Spannend wie der Gletscher zurückging: beinahe  exponentiell, in den ersten hundert Jahren hat sich der Gletscher etwa halbiert und dann in den nächsten 50 Jahren wieder halbiert. ","Wie schnell alles geht. Und dass Klimawandel wirklich sichtbar ist auch an Beispielen die uns nahe liegen, statt dass man einfach sagt ""in Afrika wird alles zur Wüste"" oder so. Es geht sehr viel schneller als erwartet. ","Keine konkreten Konsequenzen nennbar. Aber Bewusstsein ist wieder etwas aufgefrischt. Man überlegt sich dann ""was mach ich, was die Erde nicht noch mehr erhitzt"" und heizt dann vielleicht weniger heiss. ",W,20,TRUE,FALSE
FSLK99,fabia.somalvico,text,23.11.2019,03.12.2019,https://psyunibe.qualtrics.com/jfe/form/SV_bIbp28sLL0Uoz1bFSLK99,FSLK99text,interessiert an Ergebnissen,,,02:30,"Geschichte war spannend, Gletscherschmelzen ist aber schon bekannt. Geschichte wurde sehr distanziert und objektiv erzählt. Wäre spannend gewesen, mehr darüber zu erfahren, was der Mensch ""falsch"" macht. ","Wenn man sich mit der Umwelt beschäftigt, merkt man wie wichtig es ist. Deshalb sollte man immer am Thema dranbleiben. Es hört nicht auf wenn man nichts macht. ",Frage aus Fragebogen: OB man sich Gedanken über die Umwelt bei jeder Entscheidung macht. Da möchte sie noch besser drauf achten. ,W,20,TRUE,FALSE
FSLM98,fabia.somalvico,video,25.11.2019,04.12.2019,https://psyunibe.qualtrics.com/jfe/form/SV_bIbp28sLL0Uoz1bFSLM98,FSLM98video,,,,-,Sehr eindrücklich wie der Gletscher weggeht und wie am Schluss nur noch Wasser ist. ,Vielleicht manchmal etwas bewusster zu leben. ,"Nein, weil sie das Gefühl hat, sie macht schon viel. ",W,21,TRUE,FALSE
FSLW90,fabia.somalvico,video,27.11.2019,03.12.2019,https://psyunibe.qualtrics.com/jfe/form/SV_bIbp28sLL0Uoz1bFSLW90,FSLW90video,Video ohne Kopfhörer geschaut,,,-,"wusste schon, dass es das als VR Projekt gibt beim ALetschgletscher. Spannend aber auch erwartbar. ","In Bezug auf Fragebogen: hatte das Gefühl, dass er extremer geantwortet hat als beim ersten Mal",Nein. ,M,29,TRUE,FALSE
FSMM90,fabia.somalvico,text.bild,9.12.2019,19.12.2019,https://psyunibe.qualtrics.com/jfe/form/SV_bIbp28sLL0Uoz1bFSMM90,FSMM90text.bild,,,,03:22,"Die Bilder im Text waren gut, weil sie gut illlustrieren, auch gut Perspektive auf Vergangenheit, Gegenwart und Zukunft. Was ein bisschen gefehlt hat war eine Antwort auf die Frage: wieso genau sind die Temperaturen so gestiegen?  und welche Auswirkungen hat das, neben dem Gletscherschmelzen","Es kann die Meinung beeinflussen, was für einen Text man vor dem Ausfüllen des Fragebogens gelesen hat. ","Ist ein Thema, worüber sie sich schon vorher Gedanken gemacht hat, deshalb nein. ",W,29,TRUE,FALSE
FSNK87,fabia.somalvico,text.bild,11.12.2019,19.12.2019,https://psyunibe.qualtrics.com/jfe/form/SV_bIbp28sLL0Uoz1bFSNK87,FSNK87text.bild,,,,02:27,"Der Reiseleiter ist aufgefallen, Geschichte hat ihm gut gefallen, war informativ und Bilder waren spannend um den Rückgang zu sehen. ","schon beim ersten Fragebogen sind ihm schon kurz danach einige Fragen durch den Kopf gegangen, wie eigentlich sein Verhalten der Umwelt gegenüber ist. ","Er weiss es noch nicht, hat ihn aber sicher zum nachdenken gebracht. ",M,32,TRUE,FALSE
FSNS94,fabia.somalvico,text,23.11.2019,03.12.2019,https://psyunibe.qualtrics.com/jfe/form/SV_bIbp28sLL0Uoz1bFSNS94,FSNS94text,,,,01:26,"Geschichte war ein bisschen wie eine Schulgeschichte, die belehrend sein will. Ich hat Zeitübergreifende Sachen gemacht, ist aus der Vergangenheit und weiss trotzdem alles, ein bisschen nervig besserwisserisch... Infos waren nicht neu",rechte Hand schein schneller zu sein als linke (beim IAT). Natürlich und positiv lassen sich einfacher assoziieren als natürlich und negativ. ,"Probiert es so gut wie bis jetzt zu machen und vielleicht sogar noch ein bisschen besser.  Will sich mehr mit der Frage auseinandersetzen, wie wichtig Natur für sie ist/wieviel der Spiritualität das ausmacht (Frage im Fragebogen). Diese Frage fand sie sehr spannend. ",W,25,TRUE,FALSE
FSPG98,fabia.somalvico,text.bild,22.11.2019,03.12.2019,https://psyunibe.qualtrics.com/jfe/form/SV_bIbp28sLL0Uoz1bFSPG98,FSPG98text.bild,,,,03:15,"Hat schon gewusst, dass Gletscher schmelzen, fand es gut, dass jemand das erzählt und dass Zukunftsprognosen gestellt worden. ",- ,Versucht schon jetzt recht viel zu machen. Nach Text aber nicht noch mehr konkretes. ,W,21,TRUE,FALSE
JWEE96x,julia.wyss,text,03.12.2019,13.12.2019,https://psyunibe.qualtrics.com/jfe/form/SV_bIbp28sLL0Uoz1bJWEE96x,JWEE96xtext,"
",,,02:52,"Reminder, wie schlimm der Zustand ist, in dem wir uns befinden.
","dass man immer noch etwas mehr dafür machen kann.
","nicht aufgrund des Textes. Weist einfach wieder darauf hin.
",W,23,TRUE,FALSE
JWES98x,julia.wyss,text.bild,01.12.2019,11.12.2019,https://psyunibe.qualtrics.com/jfe/form/SV_bIbp28sLL0Uoz1bJWES98x,JWES98xtext.bild,,,,03:10,"Text war einfach und leicht zu verstehen
","Klimawandel stellt ein grosses Problem dar, was der Person allerdings schon klar war.",Nicht aufgrund des Experiments,M,21,TRUE,FALSE
JWFN90x,julia.wyss,video,30.11.2019,10.12.2019,https://psyunibe.qualtrics.com/jfe/form/SV_bIbp28sLL0Uoz1bJWFN90x,JWFN90xvideo,,,,-,"fand Video eher unangenehm, irritierend, veraltet, unnatürlich, aber aufgrund vom Video selbst und nicht wegen des Inhalts.","wusste nicht, ob Fakten stimmen und war sich nicht sicher, ob er das Video hinterfragt hat. Verdoppelung vom Rückgang hat er nicht gewusst.
",Nein.,M,"
",TRUE,FALSE
JWIK97x,julia.wyss,text.bild,30.11.2019,10.12.2019,https://psyunibe.qualtrics.com/jfe/form/SV_bIbp28sLL0Uoz1bJWIK97x,JWIK97xtext.bild,,,,02:40,"fand es spannend, allerdings wusste sie schon sehr viel darüber. Vor allem der Kontrast zwischen den Bildern machte es eindrücklich.","dass sie noch mehr auf das Verhalten achten sollte. Es war eine Auffrischung und Erinnerung daran, wie wichtig das Thema ist.
",Ja. Noch konsequenter zu handeln. (Frage 2),W,21,TRUE,FALSE
JWJL98x,julia.wyss,text.bild,30.11.2019,10.12.2019,https://psyunibe.qualtrics.com/jfe/form/SV_bIbp28sLL0Uoz1bJWJL98x,JWJL98xtext.bild,,,,02:28,"Einfacher Text. Nichts Erstaunliches. Wusste nicht, ob Fakten stimmen.",Nichts Neues. ,"es hat sich nichts an der Einstellung geändert durch den Text.
",M,21,TRUE,FALSE
JWLB98x,julia.wyss,text,02.12.2019,12.12.2019,https://psyunibe.qualtrics.com/jfe/form/SV_bIbp28sLL0Uoz1bJWLB98x,JWLB98xtext,"Fragen z.T. schwierig - Nicht präzise genug. Fragen häufig zweiteilig, darum schwierig.",,,02:30,"Direkte Anrede, Biographie von John Tyndall im Vordergrund","IAT war anstrengend. Positiv und Natürlich liess sich viel besser verbinden. Gletscher extrem dick (800m), wenn der weggeschmolzen ist, wird sehr viel Wasser entstehen.","Ist schon sehr sensibilisiert darauf, nicht viel Neues. Gletscher extrem dick (800m), wenn der weggeschmolzen ist, wird sehr viel Wasser entstehen.",W,21,TRUE,FALSE
JWLH98x,julia.wyss,video,02.12.2019,12.12.2019,https://psyunibe.qualtrics.com/jfe/form/SV_bIbp28sLL0Uoz1bJWLH98x,JWLH98xvideo,,&condition=,,-,mit heutigen Möglichkeiten hätten man Video graphisch realistischer darstellen können. Inhalt qualitativ sehr hochwertig. ,"Gletscherschmelze war schon bewusst, Video hat es verstärkt. 
","Jein. Inhalt schon bewusst. Solche Beispiele prägen Handlungen. Vor allem kurzfristig wird es etwas machen, längerfristig geht er schon jetzt bewusst mit solchen Dingen um.",M,21,TRUE,FALSE
JWLL97x,julia.wyss,text,02.12.2019,12.12.2019,https://psyunibe.qualtrics.com/jfe/form/SV_bIbp28sLL0Uoz1bJWLL97x,JWLL97xtext,-,,,02:10,"Text aus Perspektive eines verstorbenen Physikers als Mittel - gute Idee.
","viele Dinge, die er schon gewusst hat.",nicht wirklich.,M,23,TRUE,FALSE
JWLT89,julia.wyss,video,2.12.2019,12.12.2019,https://psyunibe.qualtrics.com/jfe/form/SV_bIbp28sLL0Uoz1bJWLT89,JWLT89video,,,,-,"Stimmte war angenehm. Ziemlich klar, was erwartet wurde. Emotional nicht erschütternd. Angenehm empfunden in der virtuellen Welt.","kritischer Blick wurde noch mehr geschärft, weil gewisse Fragen nicht so beantwortet werden konnte, wie er es wollte. Fragen wurden evoziert.",Nein.,M,30,TRUE,FALSE
JWML63x,julia.wyss,text,1.12.2019,10.12.2019,https://psyunibe.qualtrics.com/jfe/form/SV_bIbp28sLL0Uoz1bJWML63x,JWML63xtext,,,,03:50,"Geschichte hat Fakten zusammengetragen, die ML schon gewusst hat, allerdings nicht in konkreten Daten. Beobachtung vom Aletschgletscher kennt er auch. Guter Ansatz mit John Tyndall.
","ist schon sehr sensibilisiert auf Klimafragen. Nimmt mit, dass es genau so schlimm ist, wie er befürchtet hat.
",Nein. ist schon durch Medien und Interesse sehr konfrontiert mit diesem Thema.,M,56,TRUE,FALSE
JWNW94x,julia.wyss,video,30.11.2019,10.12.2019,https://psyunibe.qualtrics.com/jfe/form/SV_bIbp28sLL0Uoz1bJWNW94x,JWNW94xvideo,"fand die Skalen des Fragebogens eher hinderlich für der Entscheidungsfindung
",,,-,"virtuell nicht ansprechend. spannend und eindrücklich, wie der Gletscher zurückgegangen ist,  aber das Video war nicht berührend.","weiss nicht, was gemessen wurde. Die Frage, was genau natürlich ist.","Nein. Nicht aufgrund des Videos. Es sind alles Sachen, mit welchen sie schon konfrontiert wird.
",W,25,TRUE,FALSE
JWPJ97x,julia.wyss,text.bild,1.12.2019,10.12.2019,https://psyunibe.qualtrics.com/jfe/form/SV_bIbp28sLL0Uoz1bJWPJ97x,JWPJ97xtext.bild,,,,02:45,"Bilder wurden recht genau angeschaut. Findet schlimm, dass wir selber dafür verantwortlich sind. Ist nicht zu flicken wie ein Haus.","Gletschertext führte dazu, dass der Gesichtspunkt beim T2 anders war. Gletschertext im Hintergrund
","generell schon umweltbewusst, obwohl zum Teil geflogen wird. Text hat schlechtes Gewissen noch verstärkt.",W,22,TRUE,FALSE
JWRV98x,julia.wyss,video,30.11.2019,10.12.2019,https://psyunibe.qualtrics.com/jfe/form/SV_bIbp28sLL0Uoz1bJWRV98x,JWRV98xvideo,"""Ich würde niemals auf Kosten der Allgemeinheit leben"" Ja/Nein --> nicht praktisch gewählt. Ist an Ergebnissen interessiert
",?id=,https://psyunibe.qualtrics.com/jfe/form/SV_eg4YCiy8U2n8XFb,-,"fand es sehr spannend, aber auch beängstigend. Vorallem als die Grade stiegen. Wäre gerne dort gewesen, als der Gletscher noch grösser war.","Thema Klimawandel ist sehr wichtig. Hofft, dass junge Generationen verstehen, wie wichtig es ist. Und findet auch gut, dass man dies im Rahmen eines Studiums tut.","Nicht speziell wegen des Videos, aber in letzter Zeit wird veruscht, möglichst umweltbewusst zu leben, weil die Dringlichkeit einfach riesig ist.
",W,21,TRUE,FALSE
JWSK96x,julia.wyss,text,29.11.2019,09.12.2019,https://psyunibe.qualtrics.com/jfe/form/SV_bIbp28sLL0Uoz1bJWSK96x,JWSK96xtext,IAT erste Session wurde zweimal gemacht. 001 und 002 sind die richtigen Daten! 1 dann nicht mit in die Analyse einbezogen,,,02 :21,"fand es gut, dass durch die Erzählung einer Geschichte Informationen gegeben wurden.
","Es war gut illustriert mit dem Zeitstrahl, so dass man sieht, dass die Geschwindigkeit zunahm und das Zurückgehen verdoppelt hat. Es ist einem schon bewusst, aber so werden einem auch Fakten bewusst gemacht, mit denen man argumentieren kann.
","glaubt, dass sie sich schon viel Mühe gibt, wenn es um ökologische Fragen geht. Wenn mehr Leute so leben würde wie sie, wäre schon etwas getan. Der Text hat das nicht grundlegend verändert, aber doch wieder auf die Problematik aufmerksam gemacht - was wichtig ist. ",W,23,TRUE,FALSE
JWYA97x,julia.wyss,text.bild,03.12.2019,13.12.2019,https://psyunibe.qualtrics.com/jfe/form/SV_bIbp28sLL0Uoz1bJWYA97x,JWYA97xtext.bild,,,,04:00,Text und vorallem Bilder waren erschütternd. ,"Das Thema ist wirklich dringend. 
",Text diente als Auffrischung und Reminder.,W,22,TRUE,FALSE
NSAP98,nora.schaer,text.bild,27.11.2019,06.12.2019,https://psyunibe.qualtrics.com/jfe/form/SV_bIbp28sLL0Uoz1bNSAP98,NSAP98text.bild,,,,03:26,"Es war eine spannende Geschichte. Alle Bilder waren aber Simulationen und nicht echte Bilder. Ich fand es vor allem für die Beschreibungen des Gletschers aus der Vergangenheit komisch, dass man nicht echte Bilder verwendet. Ich denke es wäre überzeugender gewesen, wenn man echte Bilder benutzt hätte. ",Es ist krass was der Mensch alles auswirken kann. Jedoch ist mir dies auch wegen meinem Geo Studium schon vorher klar gewesen. ,Ich werde nicht mehr machen als ich sonst schon mache. ,W,21,TRUE,FALSE
NSAS99,nora.schaer,text.bild,26.11.2019,05.12.2019,https://psyunibe.qualtrics.com/jfe/form/SV_bIbp28sLL0Uoz1bNSAS99,NSAS99text.bild,Möchte die Ergebnisse der Studie sehen ,,,02:27,"Es war sehr sympathisch, dass der Erzähler mich direkt angesprochen hat und so konnte ich mich auch gut mit dem Erzähler identifizieren. ","Dass wir Menschen mehr auf die Umwelt achten sollen, wenn wir wollen, dass die natürlichen Ressourcen uns noch lange zur Verfügung stehen. ","Ich denke ich werde nicht viel mehr machen als ich sowieso schon probiere, weil ich zum Beispiel bei Lebensmittel schon sehr darauf achte und ich denke noch mehr zu machen wäre fast ein bisschen schwierg. ",W,20,TRUE,FALSE
NSDS65,nora.schaer,video,28.11.2019,05.12.2019,https://psyunibe.qualtrics.com/jfe/form/SV_bIbp28sLL0Uoz1bNSDS65,NSDS65video,möchte die Ergebnisse/die Studie lesen,,,,der Film war grau und trüb und richtig düster und sehr laut. ,der Klimwawandel ist nichts gutes,"Ja vielleicht. Das nächste Mal wenn ich mir überlege das Auto zu nehmen, nehme ich vielleicht trotzdem den Zug. ",W,54,TRUE,FALSE
NSGC98,nora.schaer,video,26.11.2019,05.12.2019,https://psyunibe.qualtrics.com/jfe/form/SV_bIbp28sLL0Uoz1bNSGC98,NSGC98video,Möchte die Ergebnisse der Studie sehen ,,,,"Das Video ""zieht einem rein"" und es geht einem Nahe. Die Darstellung wie der Gletscher schmilzt ist sher gut und faszinierend. ","Fand es sehr interessant, dass die Auswirkungen auf den Gletscher so krass sind",Nein,M,21,TRUE,FALSE
NSGS90,nora.schaer,video,27.11.2019,06.12.2019,https://psyunibe.qualtrics.com/jfe/form/SV_bIbp28sLL0Uoz1bNSGS90,NSGS90video,Möchte die Ergebnisse der Studie sehen ,,,,"Der Film war in schlechter Qualität, das hat mich gestört. ","nicht so viel, weil mich das Thema auch sonst schon sehr interessiert. Deshalb weiss ich schon viel darüber. ",Nein ,M,28,TRUE,FALSE
NSHM97,nora.schaer,text,27.11.2019,06.12.2019,https://psyunibe.qualtrics.com/jfe/form/SV_bIbp28sLL0Uoz1bNSHM97,NSHM97text,,,,01:36,"Die Zahlen zu lesen und zu merken wie rasant der Gletscher zurückgeht hat mich schockiert. Ebenfalls habe ich es gut gefunden, dass der Forscher mich mit der direkten Rede angesprochen hat.  ","Durch das benatworten des Fragebogens habe ich mich damit beschäftigt mich zu fragen, wie viel ich denn wirklich für den Klimaschutz mache. I","Mir ist es schon wichtig mich vielleicht auch in Zukunft mich mehr zu achte was ich konsumiere. Denn es ist wirklich so, dass das Individuum verantwortlich ist für den Klimawandel.Der Text verdeutlichte sehr, dass der Klimawandel ein ernstes Problem darstellt. Jeder muss bei sich anfangen Dinge zu ändern und auch ich werde mich vermehrt darauf auchten. ",W,22,TRUE,FALSE
NSIW98,nora.schaer,video,27.11.2019,06.12.2019,https://psyunibe.qualtrics.com/jfe/form/SV_bIbp28sLL0Uoz1bNSIW98,NSIW98video,,,,,"Mir ist aufgefallen, dass immer wenn der Erzähler sagte ""schaut dort hin"" die Kamera nicht dort hin ging, das störte mich. Ebenfalls fand ich die Grafik schlecht. ",Die Umwelt geht durch die Menschen kaputt ,"Nein, weil ich schon umwelbewusst lebe. ",W,21,TRUE,FALSE
NSKS95,nora.schaer,text,26.11.2019,05.12.2019,https://psyunibe.qualtrics.com/jfe/form/SV_bIbp28sLL0Uoz1bNSKS95,NSKS95text,,,,02:45,"Die Geschichte war sehr informativ. Es ist ziemlich neutral geschrieben und ich hatte nicht das Gefühl, dass der Erzähler probierte mir ein schlechtes Gewissen einzureden. Es war sehr objektiv. ","Ich hatte den Eindruck, dass es mir beim Test einfacher ging das negative mit dem menschemachten und das positive mit dem natürlichen zuzuordnen. Ebenfalls hatte ich den Eindruck, dass der Fragebogen der selbe war, wie der den ich schon einmal ausgefüllt habe und ich fand es schwer wieder das gleiche anzukreuzen. Das zeigte mir dann irgendwie, dass die eigene Meinung die man hat irgendwie nicht o konsistent ist. ","Nicht zwingend. Ich hatte das Gefühl man hat nur inputs gegeben und nicht wirklich feedback bekommen. So weiss ich ja dann nicht ob das was ich mache gut oder schlecht ist oder ob meine Meinung gut oder schlecht ist. Deshalb denke ich, dass meine Meinung auch so bleiben wird. Ebenfalls war mir schon vorher bewusst, dass die Gletscherschmelze eine Folge des Klimawandels ist. ",M,24,TRUE,FALSE
NSLK97,nora.schaer,text.bild,26.11.2019,05.12.2019,https://psyunibe.qualtrics.com/jfe/form/SV_bIbp28sLL0Uoz1bNSLK97,NSLK97text.bild,,,,03:00,"Der Forscher der die Geschichte erzählt hat, hat oft von persönlichen Erlebnissen gesprochen. Er hat nicht nur wissenschaftliche Facts geliefert, sondern wie eine richtige Geschichte erzählt, was das ganze sehr gut lesbar gemacht hat. ","Es ist sicher wichtig, dass man sich dem Klimawandel bewusst sein sollte und man die Auswirkungen beim Gletscher sehr gut sieht. Wir alle sollten etwas beitragen und uns auch um die nächsten Generationen sorgen. ","Ich denke dafür war es zu kurz, dass ich jetzt voll die krasse Erkenntnis bekommen hätte. Aber es ist sicher wichtig, dass es einem bewusst ist. ",W,22,TRUE,FALSE
NSLR97,nora.schaer,text.bild,26.11.2019,05.12.2019,https://psyunibe.qualtrics.com/jfe/form/SV_bIbp28sLL0Uoz1bNSLR97,NSLR97text.bild,,,,02:41,Die Geschichte war einfach geschrieben und der Erzähler hat mich direkt angesprochen. ,Man sollte mehr auf die Umwelt achten und sich umweltbewusster Verhalten. ,Ich probiere weniger umweltschädliche Aktivitäten zu machen. ,W,22,TRUE,FALSE
NSMS57,nora.schaer,text.bild,28.11.2019,07.12.2019,https://psyunibe.qualtrics.com/jfe/form/SV_bIbp28sLL0Uoz1bNSMS57,NSMS57text.bild,,,,02:19,Es war eine Zeitreise mit dem Forscher Tyndall. ,"Ich verstehe nicht genau, was das Ziel ganz genau ist, oder auf was ihr hier heraus wollt. ",Nein ,M,62,TRUE,FALSE
NSNT98,nora.schaer,text,26.11.2019,05.12.2019,https://psyunibe.qualtrics.com/jfe/form/SV_bIbp28sLL0Uoz1bNSNT98,NSNT98text,,,,02:48,Die Geschichte war informativ,Die Auswirkungen die wir Menschen auf die Natur haben und in diesem Beispiel jetzt spezifisch auf den Gletscher bezogen. ,Nein,W,21,TRUE,FALSE
NSSS01,nora.schaer,text,26.11.2019,07.12.2019,https://psyunibe.qualtrics.com/jfe/form/SV_bIbp28sLL0Uoz1bNSSS01,NSSS01text,,,,02:31,Der Erzähler hat von einer langen Zeitspanne erzählt. ,Nicht wirklich,Ich werde weniger Feisch essen ,M,18,TRUE,FALSE
NSVS96,nora.schaer,video,26.11.2019,05.12.2019,https://psyunibe.qualtrics.com/jfe/form/SV_bIbp28sLL0Uoz1bNSVS96,NSVS96video,,,,,Der Inhalt des Films ist sehr spannend und interessant. Die Grafik des Films ist aber extrem schlecht. ,"dass das Experiment in einem sehr kahlen und tristen Raum stattgefunden hat und dass man schnell lernt, ob man auf p oder q drücken muss.",Nein,M,23,TRUE,FALSE
NSVS97,nora.schaer,text,24.11.2019,04.12.2019,https://psyunibe.qualtrics.com/jfe/form/SV_bIbp28sLL0Uoz1bNSVS97,NSVS97text,,,,02:21,"Es ist mir aufgefallen, dass die Geschichte sehr erzählerisch geschrieben wurde. Es fühlte sich ein bisschen an, als würde ich eine Kindergeschichte lesen. ",Nichts,"Nein, weil ich schon sonst ein umweltbewusstes Verhalten zeige und für das brauche ich nicht extra an einem Experiment teilzunehmen.",M,21,TRUE,FALSE