StartDate,EndDate,Status,IPAddress,Progress,Duration (in seconds),Finished,RecordedDate,ResponseId,RecipientLastName,RecipientFirstName,RecipientEmail,ExternalReference,LocationLatitude,LocationLongitude,DistributionChannel,UserLanguage,ID,ccs1,ccs2,ccs3,ccs4,ccs5,ccs6,ccs7,ccs8,ccs9,ccs10,ccs11,ccs12,nr1,nr2,nr3,nr4,nr5,nr6,nr7,nr8,nr9,nr10,nr11,nr12,nr13,nr14,nr15,nr16,nr17,nr18,nr19,nr20,nr21,nep1,nep2,nep3,nep4,nep5,nep6,nep7,nep8,nep9,nep10,nep11,nep12,nep13,nep14,nep15,SES_1,SES_2,SES_3,SES_4,SES_5,SES_6,SES_7,SES_8,SES_9,SES_10,SES_11,SES_12,SES_13,SES_14,SES_15,SES_16,SES_17,id
Anfangsdatum,Enddatum,Antworttyp,IP-Adresse,Aktueller Stand,Dauer (in Sekunden),Beendet,Erfassungsdatum,Antwort-ID,Nachname des Empfängers,Vorname des Empfängers,E-Mail des Empfängers,Externe Datenreferenz,Breitengrad des Standorts,Längengrad des Standorts,Verteilungskanal,Benutzersprache,"Bitte geben Sie hier Ihre Studenten-ID an. Diese finden Sie auf Ihrer Legi. Bitte OHNE Bindestriche, Punkte oder Abstände eingeben. Beispiel: 18515864",Die Medien berichten oft zu alarmierend über Themen wie den Klimawandel.,"Es gibt zu viele widersprüchliche Beweise über den Klimawandel, um zu wissen, ob er tatsächlich stattfindet.",Die Beweise für den Klimawandel sind unzuverlässig.,"Es ist noch nicht klar, ob der Klimawandel wirklich ein Problem ist.",Der Klimawandel ist bloss eine natürliche Schwankung der Erdtemperaturen.,"Ich bin mir nicht sicher, ob der Klimawandel tatsächlich stattfindet.","Überschwemmungen und Hitzewellen nehmen nicht zu, heutzutage wird in den Medien einfach mehr darüber berichtet.","Die Behauptung, dass menschliche Aktivität das Klima verändert, ist übertrieben.","Ich glaube nicht, dass der Klimawandel ein echtes Problem ist.","Der Klimawandel ist unvorhersehbar und zu komplex, als dass Wissenschaftler nützliche Prognosen machen könnten.","Viele führende Experten sind sich noch nicht sicher, ob menschliche Aktivität zum Klimawandel beiträgt.",Es wird zu viel Aufhebens um den Klimawandel gemacht.,"Ich bin gerne im Freien, auch bei schlechtem Wetter.",Einige Tierarten sind einfach zum Aussterben bestimmt.,"Menschen haben das Recht, natürliche Ressourcen so zu nutzen, wie sie es wollen.",Mein Idealer Urlaubsort wäre eine abgelegene Wildnis.,"Ich denke immer daran, wie sich meine Handlungen auf die Umwelt auswirken.","Ich genieße es, in der Erde zu graben und mir meine Hände schmutzig zu machen.",Meine Verbindung zu Natur und Umwelt ist ein Teil meiner Spiritualität.,Ich habe ein großes Bewusstsein für Umweltthemen.,"Ich nehme die Tierwelt wahr, wo immer ich bin.",Ich gehe nicht oft in die Natur.,"Nichts, was ich tue, wird die Probleme an anderen Orten auf dem Planeten beeinflussen.","Ich bin nicht von der Natur abgetrennt, sondern ein Teil der Natur.","Der Gedanke, tief im Wald und abseits der Zivilisation zu sein, ist beängstigend.","Meine Gefühle für die Natur haben keinen Einfluss darauf, wie ich mein Leben lebe.","Tiere, Vögel und Pflanzen sollten weniger Rechte haben als Menschen.",Selbst mitten in der Stadt bemerke ich die Natur um mich herum.,Meine Beziehung zur Natur ist ein wichtiger Teil meiner Identität.,"Naturschutz ist überflüssig, weil die Natur stark genug ist, um sich von jeglichen menschlichen Einflüssen zu erholen.",Der Zustand nichtmenschlicher Arten ist ein Indikator für die Zukunft der Menschheit.,Ich denke oft über das Leiden der Tiere nach.,Ich fühle mich mit allen Lebewesen der Erde verbunden.,"Wir nähern uns dem Limit der Bevölkerungszahl, das die Erde bewältigen kann.","Die Menschen haben das Recht, ihre natürliche Umwelt zu verändern, um sie an ihre Bedürfnisse anzupassen.","Wenn die Menschen sich in die Natur einmischen, hat das oft katastrophale Konsequenzen.","Der menschliche Einfallsreichtum wird dafür sorgen, dass wir die Erde NICHT unbewohnbar machen.",Die Menschen missbrauchen die Umwelt schwer.,"Die Erde hätte genügend natürliche Ressourcen, wenn wir nur lernen, diese zu fördern.",Pflanzen und Tiere haben das gleiche Recht zu leben wie Menschen.,"Das Gleichgewicht der Natur ist stark genug, um den Einfluss der modernen Industrienationen zu bewältigen.",Abgesehen von unseren speziellen Fähigkeiten sind wir Menschen immer noch den Naturgesetzen unterworfen.,"Die so genannte “Umweltkrise” mit der die Menschheit konfrontiert ist, wird völlig übertrieben.",Die Erde ist wie ein Raumschiff mit wenig Platz und wenig Ressourcen.,"Menschen sind dazu geboren, über den Rest der Natur zu herrschen.","Das Gleichgewicht der Natur ist sehr empfindlich
und leicht zu stören.","Die Menschen werden möglicherweise genug darüber lernen, wie die Natur funktioniert, um sie kontrollieren zu können.","Wenn die Dinge so weitergehen wie bisher, werden wir bald eine große Umweltkatastrophe erleben.","Bitte geben Sie an, ob folgende Aussagen auf Sie zutreffen. - Manchmal werfe ich Müll einfach in die Landschaft oder auf die Straße.","Bitte geben Sie an, ob folgende Aussagen auf Sie zutreffen. - Eigene Fehler gebe ich stets offen zu und ertrage gelassen etwaige negative Konsequenzen.","Bitte geben Sie an, ob folgende Aussagen auf Sie zutreffen. - Im Straßenverkehr nehme ich stets Rücksicht auf die anderen Verkehrsteilnehmer.","Bitte geben Sie an, ob folgende Aussagen auf Sie zutreffen. - Ich habe schon einmal Drogen (Tabletten, Haschisch oder ""ähnliches"") konsumiert.","Bitte geben Sie an, ob folgende Aussagen auf Sie zutreffen. - Ich akzeptiere alle anderen Meinungen, auch wenn sie mit meiner eigenen nicht übereinstimmen.","Bitte geben Sie an, ob folgende Aussagen auf Sie zutreffen. - Meine Wut oder schlechte Laune lasse ich hin und wieder an unschuldigen oder schwächeren Leuten aus.","Bitte geben Sie an, ob folgende Aussagen auf Sie zutreffen. - Ich habe schon einmal jemanden ausgenutzt oder übers Ohr gehauen.","Bitte geben Sie an, ob folgende Aussagen auf Sie zutreffen. - In einem Gespräch lasse ich den anderen stets ausreden und höre aufmerksam zu.","Bitte geben Sie an, ob folgende Aussagen auf Sie zutreffen. - Ich zögere niemals, jemandem in einer Notlage beizustehen.","Bitte geben Sie an, ob folgende Aussagen auf Sie zutreffen. - Wenn ich etwas versprochen habe, halte ich es ohne Wenn und Aber.","Bitte geben Sie an, ob folgende Aussagen auf Sie zutreffen. - Ich lästere gelegentlich über andere hinter deren Rücken.","Bitte geben Sie an, ob folgende Aussagen auf Sie zutreffen. - Ich würde niemals auf Kosten der Allgemeinheit leben.","Bitte geben Sie an, ob folgende Aussagen auf Sie zutreffen. - Ich bleibe immer freundlich und zuvorkommend anderen Leuten gegenüber, auch wenn ich selbst gestreßt bin.","Bitte geben Sie an, ob folgende Aussagen auf Sie zutreffen. - Im Streit bleibe ich stets sachlich und objektiv.","Bitte geben Sie an, ob folgende Aussagen auf Sie zutreffen. - Ich habe schon einmal geliehene Sachen nicht zurückgegeben.","Bitte geben Sie an, ob folgende Aussagen auf Sie zutreffen. - Ich ernähre mich stets gesund.","Bitte geben Sie an, ob folgende Aussagen auf Sie zutreffen. - Manchmal helfe ich nur, weil ich eine Gegenleistung erwarte.",id
"{""ImportId"":""startDate"",""timeZone"":""Europe/London""}","{""ImportId"":""endDate"",""timeZone"":""Europe/London""}","{""ImportId"":""status""}","{""ImportId"":""ipAddress""}","{""ImportId"":""progress""}","{""ImportId"":""duration""}","{""ImportId"":""finished""}","{""ImportId"":""recordedDate"",""timeZone"":""Europe/London""}","{""ImportId"":""_recordId""}","{""ImportId"":""recipientLastName""}","{""ImportId"":""recipientFirstName""}","{""ImportId"":""recipientEmail""}","{""ImportId"":""externalDataReference""}","{""ImportId"":""locationLatitude""}","{""ImportId"":""locationLongitude""}","{""ImportId"":""distributionChannel""}","{""ImportId"":""userLanguage""}","{""ImportId"":""QID86_TEXT""}","{""ImportId"":""QID41""}","{""ImportId"":""QID42""}","{""ImportId"":""QID43""}","{""ImportId"":""QID45""}","{""ImportId"":""QID46""}","{""ImportId"":""QID47""}","{""ImportId"":""QID48""}","{""ImportId"":""QID49""}","{""ImportId"":""QID50""}","{""ImportId"":""QID51""}","{""ImportId"":""QID44""}","{""ImportId"":""QID52""}","{""ImportId"":""QID17""}","{""ImportId"":""QID19""}","{""ImportId"":""QID20""}","{""ImportId"":""QID21""}","{""ImportId"":""QID24""}","{""ImportId"":""QID25""}","{""ImportId"":""QID26""}","{""ImportId"":""QID27""}","{""ImportId"":""QID28""}","{""ImportId"":""QID29""}","{""ImportId"":""QID30""}","{""ImportId"":""QID31""}","{""ImportId"":""QID32""}","{""ImportId"":""QID33""}","{""ImportId"":""QID34""}","{""ImportId"":""QID35""}","{""ImportId"":""QID36""}","{""ImportId"":""QID37""}","{""ImportId"":""QID38""}","{""ImportId"":""QID39""}","{""ImportId"":""QID40""}","{""ImportId"":""QID1""}","{""ImportId"":""QID3""}","{""ImportId"":""QID4""}","{""ImportId"":""QID5""}","{""ImportId"":""QID6""}","{""ImportId"":""QID7""}","{""ImportId"":""QID8""}","{""ImportId"":""QID9""}","{""ImportId"":""QID10""}","{""ImportId"":""QID11""}","{""ImportId"":""QID12""}","{""ImportId"":""QID13""}","{""ImportId"":""QID14""}","{""ImportId"":""QID15""}","{""ImportId"":""QID16""}","{""ImportId"":""QID87_1""}","{""ImportId"":""QID87_3""}","{""ImportId"":""QID87_19""}","{""ImportId"":""QID87_20""}","{""ImportId"":""QID87_21""}","{""ImportId"":""QID87_22""}","{""ImportId"":""QID87_23""}","{""ImportId"":""QID87_24""}","{""ImportId"":""QID87_26""}","{""ImportId"":""QID87_25""}","{""ImportId"":""QID87_11""}","{""ImportId"":""QID87_12""}","{""ImportId"":""QID87_13""}","{""ImportId"":""QID87_14""}","{""ImportId"":""QID87_15""}","{""ImportId"":""QID87_16""}","{""ImportId"":""QID87_17""}","{""ImportId"":""id""}"
2019-04-12 15:58:09,2019-04-12 15:59:23,1,,100,73,1,2019-04-12 15:59:23,R_9FdaRrEPPZjmImZ,,,,,46.9167022705078125,7.466705322265625,preview,DE,,1,1,4,3,2,4,1,1,1,1,1,1,3,3,3,3,2,5,3,2,2,4,3,4,5,3,4,2,5,3,1,1,4,2,2,5,2,1,1,2,3,4,2,4,5,3,1,1,,,,,,,,,,,,,,,,,,
2019-04-16 13:58:51,2019-04-16 14:27:51,0,130.92.255.36,100,1740,1,2019-04-16 14:27:52,R_29oIfq5VcPCNEbG,,,,,46.9167022705078125,7.466705322265625,anonymous,DE,,3,1,3,4,3,3,2,3,3,2,5,5,3,2,4,2,2,3,3,2,2,3,2,1,1,2,1,1,4,3,3,1,4,4,5,4,4,5,4,4,5,5,4,4,1,4,5,4,,,,,,,,,,,,,,,,,,
2019-04-16 14:28:29,2019-04-16 14:29:37,0,130.92.255.36,100,67,1,2019-04-16 14:29:37,R_3KSAARKQwlyxEPr,,,,,46.9167022705078125,7.466705322265625,anonymous,DE,,1,3,5,1,2,1,4,2,4,2,5,1,5,5,5,5,5,5,5,4,4,5,3,5,3,5,3,5,5,5,5,5,5,5,3,2,5,5,4,4,5,5,2,5,5,2,3,4,,,,,,,,,,,,,,,,,,
2019-04-23 19:37:18,2019-04-23 19:39:18,0,213.55.176.250,100,120,1,2019-04-23 19:39:20,R_32JTxghJDIcWyF4,,,,,46.802398681640625,7.15130615234375,anonymous,DE,,1,2,3,3,3,4,3,3,4,1,4,5,4,1,4,4,3,3,2,2,4,4,3,2,2,1,2,3,1,1,5,1,1,1,2,5,5,2,2,5,4,5,1,1,1,5,5,1,,,,,,,,,,,,,,,,,,875?
2019-04-23 19:51:40,2019-04-23 19:53:25,0,213.55.176.250,100,104,1,2019-04-23 19:53:25,R_1MZqkJTC649lUk6,,,,,46.802398681640625,7.15130615234375,anonymous,DE,,2,5,4,1,4,3,3,3,2,4,3,3,3,5,5,1,1,3,1,3,4,1,1,2,1,1,3,3,3,2,1,2,3,2,2,1,4,1,1,1,2,1,3,4,3,3,3,1,,,,,,,,,,,,,,,,,,875
2019-04-23 19:56:53,2019-04-23 19:58:17,0,213.55.176.250,100,83,1,2019-04-23 19:58:18,R_2TNQPiZWjNYFROy,,,,,46.802398681640625,7.15130615234375,anonymous,DE,,1,1,1,2,2,3,3,2,2,2,2,1,2,3,3,5,5,3,3,3,4,5,3,2,5,2,4,4,2,4,1,1,3,2,4,1,1,4,5,4,2,5,5,2,3,3,4,1,,,,,,,,,,,,,,,,,,875
2019-04-25 05:34:00,2019-04-25 05:39:36,0,201.164.154.254,100,335,1,2019-04-25 05:39:37,R_cCQjwpKMrb6nHb3,,,,,20.6667938232421875,-103.39260101318359375,anonymous,DE,,2,1,1,1,1,1,2,1,1,1,1,1,4,4,2,3,4,4,1,4,3,4,1,5,4,2,1,3,2,1,4,3,2,2,4,5,2,5,3,4,1,4,1,4,3,4,3,5,,,,,,,,,,,,,,,,,,jonas
2019-05-02 12:24:57,2019-05-02 12:30:22,0,130.92.255.35,100,324,1,2019-05-02 12:30:23,R_2Vl2DmDEp7G9w9D,,,,,46.9167022705078125,7.466705322265625,anonymous,DE,,1,1,1,1,1,1,1,1,1,2,1,1,4,1,1,4,5,4,3,5,5,4,1,5,2,1,1,4,5,1,5,2,3,5,4,5,2,5,4,5,1,5,1,4,1,5,1,5,,,,,,,,,,,,,,,,,,15119027
2019-05-02 14:37:01,2019-05-02 14:42:07,0,84.227.31.53,100,305,1,2019-05-02 14:42:08,R_2Pu7ahDkboslJ9T,,,,,46.94580078125,7.4481048583984375,anonymous,DE,,2,2,2,1,2,2,2,2,1,2,2,1,2,1,2,4,2,2,4,4,2,4,2,4,2,2,1,5,4,1,3,3,3,5,2,4,4,4,4,5,2,5,2,4,2,4,1,4,,,,,,,,,,,,,,,,,,4081
2019-05-02 15:31:02,2019-05-02 15:44:53,0,192.101.176.254,100,830,1,2019-05-02 15:44:53,R_2bWpymleIVkwhzr,,,,,46.94580078125,7.4481048583984375,anonymous,DE,,2,1,1,1,4,1,1,1,1,2,1,1,1,4,1,1,4,4,2,4,5,4,4,4,2,1,2,2,4,1,4,5,3,2,4,4,4,5,5,4,2,5,1,1,1,4,3,4,,,,,,,,,,,,,,,,,,3160
2019-05-03 19:15:38,2019-05-03 19:25:27,0,213.55.176.182,100,589,1,2019-05-03 19:25:28,R_30ozhuBt4D8paad,,,,,46.94580078125,7.4481048583984375,anonymous,DE,,3,2,2,2,2,2,2,1,1,1,1,2,3,2,3,4,5,5,5,4,5,5,1,2,3,1,1,5,5,2,1,5,5,4,4,4,2,5,5,5,2,4,2,1,3,3,3,4,,,,,,,,,,,,,,,,,,4454
2019-05-05 16:20:09,2019-05-05 16:27:43,0,62.203.45.163,100,453,1,2019-05-05 16:27:43,R_TwkUzwCZRQ3ALKN,,,,,47.0861053466796875,8.300506591796875,anonymous,DE,,3,4,3,3,3,4,3,2,2,4,2,2,5,2,1,1,4,5,3,3,4,2,1,5,5,1,3,4,4,1,1,5,3,4,4,4,4,5,4,5,2,4,3,4,1,4,2,4,,,,,,,,,,,,,,,,,,3439
2019-05-05 19:08:04,2019-05-06 10:01:53,0,92.106.120.128,100,53628,1,2019-05-06 10:01:56,R_2eQgoag01WrEPDy,,,,,46.9243927001953125,7.4145965576171875,anonymous,DE,,1,1,1,1,1,1,2,1,1,1,1,1,2,1,1,2,4,1,3,5,4,3,1,4,3,1,1,4,4,1,5,5,4,4,2,5,2,5,2,5,1,5,1,4,1,5,1,5,,,,,,,,,,,,,,,,,,2131
2019-05-06 10:48:33,2019-05-06 10:56:20,0,130.92.255.35,100,467,1,2019-05-06 10:56:21,R_1K2yA1GBYS77M0f,,,,,46.9167022705078125,7.466705322265625,anonymous,DE,16103707,2,1,1,1,2,1,1,1,1,3,1,1,4,2,2,4,4,4,5,5,5,1,2,4,2,1,1,4,5,1,4,4,4,4,2,4,3,5,5,4,4,5,1,1,1,4,2,5,,,,,,,,,,,,,,,,,,2863
2019-05-06 13:11:09,2019-05-06 13:16:46,0,130.92.255.36,100,336,1,2019-05-06 13:16:46,R_3O2jQL32Td4QIpV,,,,,46.9167022705078125,7.466705322265625,anonymous,DE,16913147,4,1,1,2,2,1,2,2,1,4,3,1,2,4,2,2,2,3,1,4,2,2,2,2,4,2,2,4,3,1,3,4,2,4,3,3,3,4,3,2,1,4,2,4,1,4,2,4,,,,,,,,,,,,,,,,,,3280
2019-05-06 22:34:03,2019-05-06 22:51:30,0,84.74.154.108,100,1047,1,2019-05-06 22:51:31,R_2QziVr4frfkKKtQ,,,,,47.486602783203125,7.5211944580078125,anonymous,DE,,1,1,3,4,1,1,4,1,4,1,2,1,5,1,3,1,2,4,4,1,5,3,1,5,1,1,2,4,4,1,4,4,2,5,4,5,3,5,1,5,3,4,1,2,1,2,4,3,,,,,,,,,,,,,,,,,,sutti
2019-05-08 14:04:27,2019-05-08 14:13:55,0,62.203.205.201,100,568,1,2019-05-08 14:13:56,R_2zO8ZH0AFsyPqxh,,,,,46.919403076171875,7.7241973876953125,anonymous,DE,18100917,2,2,2,1,3,2,2,2,2,2,2,1,4,1,2,4,4,4,4,4,5,2,2,5,2,2,1,4,5,1,4,5,3,4,2,4,2,5,4,5,4,5,2,2,4,4,4,4,,,,,,,,,,,,,,,,,,3882
2019-05-10 10:29:04,2019-05-10 10:37:23,0,130.92.255.36,100,498,1,2019-05-10 10:37:24,R_shYJNlMsKGybZ5L,,,,,46.9167022705078125,7.466705322265625,anonymous,DE,16725020,1,2,4,2,2,2,3,2,1,4,1,1,2,1,2,2,4,4,1,4,2,2,1,2,4,1,2,5,4,1,2,4,2,2,4,4,4,5,5,4,2,4,1,1,2,4,4,4,,,,,,,,,,,,,,,,,,3811
2019-05-10 14:12:45,2019-05-10 14:29:17,0,130.92.212.242,100,991,1,2019-05-10 14:29:17,R_1E5VTWmlMpiixqg,,,,,46.9167022705078125,7.466705322265625,anonymous,DE,09214883,2,2,1,2,3,2,2,1,1,2,3,1,4,1,2,4,4,4,4,3,4,2,1,4,1,3,2,4,4,4,3,4,4,3,3,4,4,4,5,5,3,5,2,3,1,4,2,4,,,,,,,,,,,,,,,,,,09214883
2019-05-10 14:31:43,2019-05-10 14:40:28,0,130.92.255.36,100,524,1,2019-05-10 14:40:28,R_21iEFnhUBuwpkD3,,,,,46.9167022705078125,7.466705322265625,anonymous,DE,18101246,1,3,1,2,2,1,3,1,1,2,2,1,4,3,1,3,4,3,4,4,4,5,4,4,1,1,3,4,5,1,5,5,3,5,3,3,2,5,2,5,3,5,2,2,2,3,3,4,,,,,,,,,,,,,,,,,,3877
2019-05-10 18:25:21,2019-05-10 18:38:12,0,178.238.164.208,100,771,1,2019-05-10 18:38:13,R_32JhblgKXyQvSf1,,,,,46.802398681640625,7.15130615234375,anonymous,DE,17104084,4,1,3,1,4,1,2,2,1,1,4,2,5,2,1,4,4,5,5,4,4,1,1,5,1,1,1,5,5,1,3,4,5,4,2,4,1,4,4,5,4,5,2,1,1,5,1,5,,,,,,,,,,,,,,,,,,3215
2019-05-12 17:06:12,2019-05-12 17:11:57,0,51.154.159.250,100,345,1,2019-05-12 17:11:57,R_214ejs2wt6ykfXN,,,,,46.1916961669921875,6.1360931396484375,anonymous,DE,18515864,1,1,1,1,1,1,3,1,1,1,1,1,4,4,4,4,2,1,1,4,4,3,1,5,1,2,3,2,4,1,3,4,2,4,4,4,2,4,5,5,1,5,2,2,1,5,3,5,,,,,,,,,,,,,,,,,,EftPx
2019-05-13 16:26:59,2019-05-13 16:31:29,0,5.149.35.178,100,270,1,2019-05-13 16:31:30,R_aVjDnAE40JsIud3,,,,,47.0312957763671875,7.557098388671875,anonymous,DE,14131965,1,1,1,1,1,1,1,1,1,1,1,1,3,1,2,3,4,4,1,4,5,2,2,3,1,3,1,5,3,1,4,5,1,5,1,4,3,5,2,5,1,5,1,2,1,4,4,4,,,,,,,,,,,,,,,,,,4440
2019-05-14 07:06:53,2019-05-14 07:17:10,0,153.109.95.2,100,617,1,2019-05-14 07:17:11,R_11hhYLlZ0OgcFSL,,,,,46.209503173828125,7.260101318359375,anonymous,DE,13109376,2,1,1,2,1,1,2,1,2,2,1,1,3,4,4,3,2,2,1,3,4,5,2,5,2,4,2,4,2,2,5,2,2,5,4,5,1,5,4,5,1,5,1,4,1,4,2,5,,,,,,,,,,,,,,,,,,13109376
2019-05-14 16:50:16,2019-05-14 17:02:13,0,83.150.29.60,100,716,1,2019-05-14 17:02:14,R_1nVZfGoGI1Hrl4L,,,,,46.94580078125,7.4481048583984375,anonymous,DE,17118597,2,1,1,1,1,1,2,1,1,2,1,1,4,1,4,2,2,4,3,4,4,2,1,4,4,1,4,5,3,1,4,3,3,4,4,2,2,5,5,4,2,3,1,1,4,4,4,5,,,,,,,,,,,,,,,,,,3306
2019-05-15 09:29:52,2019-05-15 09:38:59,0,130.92.255.35,100,546,1,2019-05-15 09:39:00,R_Oa7cIzdDq7rJ3AR,,,,,46.9167022705078125,7.466705322265625,anonymous,DE,18108431,1,1,1,1,1,1,2,1,1,3,1,1,4,1,2,3,4,3,3,3,4,2,3,4,2,2,2,4,4,1,3,4,3,4,2,4,3,4,5,5,2,4,1,2,3,3,4,4,,,,,,,,,,,,,,,,,,3908
2019-05-15 09:50:52,2019-05-15 10:05:22,0,130.92.255.35,100,870,1,2019-05-15 10:05:23,R_3GpJmP4Fss6LjSZ,,,,,46.9167022705078125,7.466705322265625,anonymous,DE,18101881,1,1,1,1,1,1,1,1,1,1,1,1,3,1,1,2,3,3,3,3,4,2,2,4,4,2,3,4,3,1,1,3,2,3,3,4,4,4,4,4,2,4,1,3,1,3,3,4,,,,,,,,,,,,,,,,,,4010
2019-05-16 15:18:32,2019-05-16 15:29:42,0,130.92.255.35,100,669,1,2019-05-16 15:29:42,R_2AG8xmMnIlLKaJE,,,,,46.9167022705078125,7.466705322265625,anonymous,DE,13102215,1,1,1,1,1,1,1,1,1,3,1,1,4,3,3,3,4,3,1,3,1,2,2,4,1,1,3,4,1,1,3,2,1,1,3,3,5,3,3,2,2,3,2,2,1,3,4,3,,,,,,,,,,,,,,,,,,13102215
2019-05-16 16:02:43,2019-05-16 16:09:27,0,130.92.205.179,100,403,1,2019-05-16 16:09:27,R_12lmvDudlLfoUIU,,,,,46.9167022705078125,7.466705322265625,anonymous,DE,11110681,1,1,1,1,1,1,1,1,1,1,1,1,4,1,1,2,4,1,4,4,5,2,1,5,4,1,1,4,4,1,4,4,4,2,2,4,4,4,4,5,1,4,1,4,1,4,2,4,,,,,,,,,,,,,,,,,,11110681
2019-05-16 18:30:57,2019-05-16 18:45:17,0,178.197.226.252,100,859,1,2019-05-16 18:45:17,R_1LoFf7a03wjySdj,,,,,47.36639404296875,8.554595947265625,anonymous,DE,12614137,3,2,2,1,2,1,1,2,1,2,1,2,2,4,2,2,4,1,2,4,3,2,1,5,5,2,4,5,4,1,2,4,4,3,2,4,2,5,4,5,1,3,3,3,1,4,2,4,,,,,,,,,,,,,,,,,,12614137
2019-05-16 18:28:38,2019-05-16 18:49:09,0,83.77.17.33,100,1230,1,2019-05-16 18:49:10,R_1plALtqQDOERJJn,,,,,46.94580078125,7.4481048583984375,anonymous,DE,17153164,1,1,1,1,1,1,1,1,1,2,1,1,5,1,1,4,4,5,5,4,5,1,1,5,4,1,1,5,5,1,3,5,4,5,1,5,3,5,5,5,1,5,1,4,1,5,3,5,,,,,,,,,,,,,,,,,,ls
2019-05-17 15:59:42,2019-05-17 16:05:39,0,130.92.255.35,100,356,1,2019-05-17 16:05:40,R_3OqYDwkjpceDFgp,,,,,46.9167022705078125,7.466705322265625,anonymous,DE,13123625,1,1,1,1,2,1,1,1,1,2,1,1,3,1,2,4,4,3,5,4,4,5,3,5,2,2,2,5,5,1,5,4,4,5,2,5,2,5,4,4,1,5,1,4,1,4,2,4,,,,,,,,,,,,,,,,,,13123625
2019-05-17 19:59:51,2019-05-17 20:11:19,0,31.10.144.102,100,687,1,2019-05-17 20:11:20,R_RfQaDTuQWrvmxqN,,,,,47.36639404296875,8.554595947265625,anonymous,DE,18119925,1,1,1,1,1,1,1,1,1,2,1,1,4,3,2,5,4,4,2,4,4,1,2,5,3,2,4,5,4,1,4,4,4,5,5,4,4,5,4,4,3,5,1,3,3,4,4,4,,,,,,,,,,,,,,,,,,18119925
2019-05-18 14:37:46,2019-05-18 14:43:16,0,94.78.13.153,100,330,1,2019-05-18 14:43:17,R_1rfzlPpxVoayySl,,,,,46.94580078125,7.4481048583984375,anonymous,DE,18119461,1,1,1,1,4,1,1,1,1,3,1,1,5,4,4,5,4,5,4,5,4,1,1,5,2,2,4,4,4,2,5,4,2,4,4,5,4,5,4,4,3,5,1,3,1,5,5,5,,,,,,,,,,,,,,,,,,18119461
2019-05-21 22:57:33,2019-05-21 23:14:30,0,91.138.40.244,100,1017,1,2019-05-21 23:14:31,R_2Ubectej2xR8OES,,,,,47.404693603515625,8.0458984375,anonymous,DE,09733551,4,3,4,4,3,4,3,3,3,4,2,2,5,4,2,2,4,4,5,4,4,2,2,5,4,1,4,5,4,2,4,2,4,3,4,3,4,3,4,3,3,5,4,3,3,3,3,2,,,,,,,,,,,,,,,,,,09733551
2019-05-24 09:54:39,2019-05-24 10:03:36,0,130.60.58.2,100,537,1,2019-05-24 10:03:37,R_vHmsApwbdclfah3,,,,,47.36639404296875,8.554595947265625,anonymous,DE,11114873,1,1,1,1,1,1,1,1,5,1,1,1,4,4,2,4,4,4,1,4,4,2,2,4,4,2,2,5,1,1,4,1,1,5,2,4,4,5,5,5,1,5,1,4,2,4,5,5,,,,,,,,,,,,,,,,,,11114873
2019-05-25 12:31:17,2019-05-25 12:36:59,0,31.164.212.140,100,342,1,2019-05-25 12:37:00,R_tSrcXtEWrszXaHT,,,,,47.5583953857421875,7.57330322265625,anonymous,DE,13115704,2,1,1,1,2,1,2,1,1,2,2,1,4,1,1,4,4,4,3,4,4,2,2,5,2,2,4,5,3,1,3,2,2,5,2,4,2,5,1,5,1,4,1,4,1,5,2,5,,,,,,,,,,,,,,,,,,13115704
2019-05-26 10:22:08,2019-05-26 10:33:35,0,178.195.138.244,100,687,1,2019-05-26 10:33:36,R_1qg4KJJeckN7MVr,,,,,47.050506591796875,8.306396484375,anonymous,DE,16117897,1,4,3,1,1,1,2,1,3,4,1,2,2,1,1,4,4,3,4,3,5,4,1,4,4,2,2,4,2,1,5,5,2,3,2,5,2,5,5,4,2,5,3,2,1,4,2,3,,,,,,,,,,,,,,,,,,2699
2019-05-30 08:43:20,2019-05-30 08:50:51,0,194.230.158.168,100,450,1,2019-05-30 08:50:51,R_30lblOaQaxhbouf,,,,,47.5583953857421875,7.57330322265625,anonymous,DE,09547562,1,1,1,1,3,1,1,1,1,1,1,1,5,1,1,3,5,3,4,5,4,1,1,5,1,1,5,5,5,1,4,4,4,1,4,3,4,4,3,4,1,5,2,4,3,4,3,3,,,,,,,,,,,,,,,,,,09547562
2019-06-03 16:41:43,2019-06-03 16:42:31,0,194.230.158.69,4,47,0,2019-06-04 16:43:04,R_2Xh2iFeHuRTIYFz,,,,,,,anonymous,DE,kim,,,,,,,,,,,,,,,,,,,,,,,,,,,,,,,,,,,,,,,,,,,,,,,,,,,,,,,,,,,,,,,,,,kim
2019-06-03 16:42:58,2019-06-03 16:52:17,0,194.230.158.69,75,558,0,2019-06-04 16:52:51,R_1NzAGhx870zpk4O,,,,,,,anonymous,DE,kim,,,,,,,,,,,,,4,3,3,4,5,4,4,5,5,2,1,4,4,1,3,5,4,2,4,4,3,2,3,5,2,5,3,5,3,5,2,4,1,2,1,4,,,,,,,,,,,,,,,,,,kim
2019-06-09 14:26:21,2019-06-09 14:30:57,0,80.254.164.4,100,276,1,2019-06-09 14:30:58,R_2ts58Kye0zVZTfe,,,,,47.5583953857421875,7.57330322265625,anonymous,DE,13-101-928,1,1,1,1,1,1,1,1,1,2,1,1,5,1,1,5,4,3,5,5,4,1,3,5,1,1,1,5,5,1,5,5,5,5,3,4,4,5,4,4,2,5,1,5,1,5,4,5,,,,,,,,,,,,,,,,,,13101928
2019-06-09 16:49:25,2019-06-09 16:59:02,0,194.230.158.143,100,576,1,2019-06-09 16:59:02,R_3RsYgNTmjgzTRPr,,,,,46.8672027587890625,7.013397216796875,anonymous,DE,13279500,3,1,1,1,1,1,1,1,1,1,1,1,5,1,1,4,5,4,5,5,4,2,1,5,2,1,1,5,5,1,5,4,4,5,1,5,2,5,4,5,2,5,1,3,1,5,3,5,,,,,,,,,,,,,,,,,,13279500
2019-06-10 06:40:27,2019-06-10 06:47:39,0,195.48.14.221,100,431,1,2019-06-10 06:47:40,R_OMUgu2xhE4nPAwV,,,,,46.94580078125,7.4481048583984375,anonymous,DE,17108085,2,1,1,1,1,1,1,1,1,1,1,2,4,1,1,3,4,1,4,2,4,2,1,3,2,4,4,4,4,1,2,1,1,5,1,5,3,5,1,4,1,5,1,5,1,5,2,5,,,,,,,,,,,,,,,,,,17108085
2019-06-10 12:21:58,2019-06-10 12:33:32,0,83.77.62.193,100,694,1,2019-06-10 12:33:33,R_21zi7NzMMkm1Zwm,,,,,46.89129638671875,7.4983062744140625,anonymous,DE,13112792,2,2,2,2,3,2,3,1,2,2,2,2,2,1,2,1,3,3,1,2,2,4,3,4,3,4,2,2,2,2,3,2,3,2,4,2,3,4,4,4,2,4,3,4,2,2,2,3,,,,,,,,,,,,,,,,,,13112792
2019-06-11 11:06:08,2019-06-11 11:12:14,0,80.219.190.103,100,366,1,2019-06-11 11:12:15,R_2CfHhyV1FYaZhDd,,,,,46.94580078125,7.4481048583984375,anonymous,DE,20111222,1,1,1,1,1,1,1,1,1,1,1,1,5,3,1,5,4,2,1,4,5,5,5,4,1,1,2,4,5,1,2,3,4,1,2,5,4,5,5,3,1,5,1,1,1,4,3,4,,,,,,,,,,,,,,,,,,20111222
2019-06-12 08:39:12,2019-06-12 08:47:56,0,62.167.84.232,100,523,1,2019-06-12 08:47:57,R_3r2lXYo4OVlcUyd,,,,,47.36639404296875,8.554595947265625,anonymous,DE,05949000,2,1,1,1,1,1,1,1,1,1,1,1,4,2,1,4,4,4,1,4,4,1,1,5,2,2,2,5,4,1,4,2,3,3,2,4,2,5,3,4,1,4,1,4,1,5,3,4,,,,,,,,,,,,,,,,,,05949000
2019-06-12 09:22:35,2019-06-12 09:30:14,0,77.58.165.198,100,458,1,2019-06-12 09:30:15,R_Y983dGxW73se4HT,,,,,46.9243927001953125,7.4145965576171875,anonymous,DE,13111752,1,1,2,1,1,1,1,1,1,3,1,1,4,1,1,5,4,5,5,2,4,2,1,5,1,1,4,5,4,1,4,5,4,2,4,4,4,5,3,4,1,5,1,5,1,3,4,5,,,,,,,,,,,,,,,,,,13111752
2019-06-12 16:10:30,2019-06-12 16:16:56,0,130.92.255.36,100,385,1,2019-06-12 16:16:56,R_W2PROMmPapxaNgt,,,,,46.9167022705078125,7.466705322265625,anonymous,DE,15110646,1,1,1,1,1,1,1,1,1,1,1,1,5,1,1,5,5,5,4,5,4,1,1,5,1,1,1,5,5,1,4,4,5,4,2,5,2,5,2,4,2,5,1,1,1,4,2,4,,,,,,,,,,,,,,,,,,15110646
2019-06-12 16:30:06,2019-06-12 16:35:53,0,213.55.225.121,100,346,1,2019-06-12 16:35:54,R_xlVpeJKYReCyuxr,,,,,47.1448974609375,8.1551055908203125,anonymous,DE,13108311,1,1,2,1,1,1,1,1,1,2,1,1,4,1,1,2,4,4,3,2,4,2,1,4,4,2,3,5,5,1,4,4,3,2,2,3,2,5,2,5,1,5,1,2,1,5,2,4,,,,,,,,,,,,,,,,,,13108311
2019-06-12 18:15:47,2019-06-12 18:30:15,0,92.105.253.66,100,867,1,2019-06-12 18:30:15,R_3OdI0MW0QXxiFZN,,,,,46.533294677734375,6.6667022705078125,anonymous,DE,14127948,1,2,2,2,3,2,2,1,1,2,2,1,2,3,1,3,4,2,3,4,3,3,2,3,2,2,3,4,3,1,4,2,2,4,4,4,3,4,3,4,2,4,2,3,1,4,3,3,,,,,,,,,,,,,,,,,,14127948
2019-06-12 19:07:18,2019-06-12 19:20:33,0,213.55.176.231,100,795,1,2019-06-12 19:20:34,R_6nz5OCVuMccDfS9,,,,,46.5370025634765625,6.6045989990234375,anonymous,DE,14113971,2,3,1,1,1,1,1,1,1,1,3,1,1,1,1,1,3,5,2,4,4,4,2,5,2,4,2,4,3,1,3,5,3,5,3,5,1,3,5,5,2,5,3,5,1,4,3,5,,,,,,,,,,,,,,,,,,14113971
2019-06-13 09:49:09,2019-06-13 09:57:16,0,195.176.29.132,100,487,1,2019-06-13 09:57:16,R_2v8qfWqSmn4IIuu,,,,,47.36639404296875,8.554595947265625,anonymous,DE,18874834,1,1,1,1,1,1,1,1,1,1,1,1,5,1,1,5,4,5,4,5,5,1,3,4,1,1,1,4,4,1,5,5,4,4,2,4,4,5,4,5,2,4,1,2,1,5,3,5,,,,,,,,,,,,,,,,,,18874834
2019-06-13 10:15:19,2019-06-13 10:28:37,0,195.176.29.132,100,798,1,2019-06-13 10:28:38,R_240FKdLLGTDWhVz,,,,,47.36639404296875,8.554595947265625,anonymous,DE,18874859,1,1,1,1,1,1,1,1,1,1,1,1,5,1,1,3,4,5,1,4,4,1,1,5,1,1,2,4,5,1,5,4,4,1,2,4,5,4,4,4,1,4,1,1,1,4,3,4,,,,,,,,,,,,,,,,,,"18874859"
2019-06-13 10:13:11,2019-06-13 11:10:57,0,80.219.190.103,100,3465,1,2019-06-13 11:10:58,R_3g74qNKOCiIPN82,,,,,46.94580078125,7.4481048583984375,anonymous,DE,20200300,1,1,1,1,1,1,1,1,1,1,1,1,4,2,2,4,4,3,4,5,4,2,1,5,1,1,4,4,4,1,4,4,4,2,3,3,2,5,3,4,2,4,1,2,1,5,4,4,,,,,,,,,,,,,,,,,,20200300
2019-06-13 22:36:12,2019-06-13 22:41:09,0,80.219.147.162,100,297,1,2019-06-13 22:41:10,R_3L08YSUthspd3Mi,,,,,46.7512054443359375,7.6217041015625,anonymous,DE,06218481,1,3,3,1,2,2,2,2,1,3,2,2,4,1,3,4,2,4,4,4,4,2,1,5,2,2,3,4,4,1,3,4,4,3,4,3,4,4,5,3,2,5,1,2,1,4,2,4,,,,,,,,,,,,,,,,,,09547562
2019-06-14 12:05:22,2019-06-14 12:10:13,0,178.197.224.220,100,290,1,2019-06-14 12:10:16,R_yrpvN1IznwG3Wb7,,,,,47.36639404296875,8.554595947265625,anonymous,DE,16106023,4,2,2,2,2,2,2,2,2,2,3,2,4,4,2,2,4,1,5,4,5,1,2,4,2,1,2,2,4,2,3,4,4,4,2,4,2,4,4,5,2,4,2,2,2,4,2,3,,,,,,,,,,,,,,,,,,3226
2019-06-14 14:11:35,2019-06-14 14:18:41,0,130.92.100.126,100,426,1,2019-06-14 14:18:42,R_1Ig5iwrHWsHNj7B,,,,,46.9167022705078125,7.466705322265625,anonymous,DE,11111580,4,1,1,1,1,1,2,1,1,2,1,4,5,1,1,4,4,1,4,4,5,1,1,4,1,1,1,2,4,1,1,4,2,2,1,4,2,4,3,5,1,4,2,4,1,4,1,4,,,,,,,,,,,,,,,,,,11111580
2019-06-14 06:45:05,2019-06-14 09:07:37,0,83.150.29.157,34,8551,0,2019-06-15 09:08:22,R_9LyWiZG2FK6SoZb,,,,,,,anonymous,DE,20222333,,,,,,,,,,,,,,,,,,,,,,,,,,,,,,,,,,2,4,5,2,5,5,5,1,5,2,5,1,4,1,4,,,,,,,,,,,,,,,,,,20222333
2019-06-15 11:49:31,2019-06-15 11:58:51,0,85.2.174.78,100,559,1,2019-06-15 11:58:51,R_bwp9nvbFZftjznH,,,,,46.94580078125,7.4481048583984375,anonymous,DE,17118647,4,2,1,1,1,1,1,1,1,2,1,1,5,1,1,4,4,4,4,4,4,2,2,4,3,2,1,4,5,1,5,4,3,5,2,4,3,5,5,5,1,4,1,4,1,4,3,4,,,,,,,,,,,,,,,,,,3227
2019-06-16 16:59:46,2019-06-16 17:22:29,0,194.230.158.13,100,1363,1,2019-06-16 17:22:30,R_3PYWS9Ow6uTjauy,,,,,46.94580078125,7.4481048583984375,anonymous,DE,15-123-524,2,1,1,1,1,1,2,1,1,2,1,1,4,1,1,4,4,3,4,4,5,1,1,4,2,2,1,5,4,1,3,5,4,3,1,4,3,5,2,5,2,5,1,2,1,4,3,3,,,,,,,,,,,,,,,,,,2360
2019-06-17 17:06:06,2019-06-17 17:16:13,0,109.164.235.202,100,606,1,2019-06-17 17:16:14,R_RRFllEwhFc7gZdn,,,,,46.216705322265625,6.1804046630859375,anonymous,DE,13055082,2,1,1,1,1,1,1,1,1,2,1,1,2,1,2,2,2,1,2,4,2,2,1,3,4,1,4,4,3,1,1,5,4,5,2,5,4,5,4,4,1,5,1,4,1,5,1,3,,,,,,,,,,,,,,,,,,SaPlo
2019-06-18 10:54:59,2019-06-18 11:10:22,0,130.92.255.35,100,922,1,2019-06-18 11:10:22,R_2pPK1LQqP626DVD,,,,,46.9167022705078125,7.466705322265625,anonymous,DE,17121534,3,1,3,1,1,2,3,1,3,4,1,2,2,1,2,2,5,4,4,4,3,1,1,5,4,1,3,4,4,3,4,2,3,3,3,3,2,3,3,3,3,1,1,2,2,3,2,5,,,,,,,,,,,,,,,,,,17121534
2019-06-19 10:22:39,2019-06-19 10:29:12,0,130.92.43.74,100,392,1,2019-06-19 10:29:12,R_RkvyJVFgskZ9poB,,,,,46.9167022705078125,7.466705322265625,anonymous,DE,12113072,2,2,1,2,2,2,2,2,2,2,2,3,4,1,2,3,4,4,4,3,5,1,2,4,4,2,2,4,4,2,3,4,4,2,4,4,5,5,5,5,2,5,1,2,2,4,4,2,,,,,,,,,,,,,,,,,,12113072
2019-06-20 08:10:44,2019-06-20 08:16:19,0,176.127.29.118,100,334,1,2019-06-20 08:16:20,R_DFYMLPYZxDlguSB,,,,,46.8603057861328125,7.4922027587890625,anonymous,DE,17118670,1,1,1,1,1,1,1,1,1,2,2,1,4,1,1,4,4,4,4,4,4,1,1,4,3,1,3,4,4,1,3,4,3,4,2,5,3,5,4,4,2,4,1,1,1,3,2,4,,,,,,,,,,,,,,,,,,3271
2019-06-20 09:58:31,2019-06-20 10:03:09,0,178.194.92.118,100,277,1,2019-06-20 10:03:09,R_1GvKCuKWaERSL9R,,,,,47.1298065185546875,7.5583953857421875,anonymous,DE,14120430,1,2,2,2,2,1,1,1,1,3,2,1,5,1,2,3,4,3,2,3,3,2,1,4,2,2,1,2,2,1,4,2,2,4,4,4,4,5,4,5,1,5,1,2,2,4,2,4,,,,,,,,,,,,,,,,,,14120430
2019-06-20 13:36:10,2019-06-20 13:36:17,0,46.14.9.182,4,7,0,2019-06-21 13:36:18,R_3kMbftPboQZarqo,,,,,,,anonymous,DE,kim,,,,,,,,,,,,,,,,,,,,,,,,,,,,,,,,,,,,,,,,,,,,,,,,,,,,,,,,,,,,,,,,,,kim
2019-06-20 13:37:33,2019-06-20 13:38:08,0,46.14.9.182,4,35,0,2019-06-21 13:38:23,R_1GwO6aXWr8kKkKP,,,,,,,anonymous,DE,Kim,,,,,,,,,,,,,,,,,,,,,,,,,,,,,,,,,,,,,,,,,,,,,,,,,,,,,,,,,,,,,,,,,,kim
2019-06-21 23:26:32,2019-06-22 10:15:56,0,213.55.220.98,100,38963,1,2019-06-22 10:15:56,R_26feSZLQS3MRzDj,,,,,46.1352996826171875,7.316497802734375,anonymous,DE,18113662,1,1,2,1,2,1,2,1,1,1,1,1,5,1,1,3,4,2,2,4,4,2,1,4,4,2,4,5,3,2,4,2,2,4,4,4,2,4,2,2,2,5,1,4,1,4,2,5,,,,,,,,,,,,,,,,,,4109
2019-06-24 10:32:41,2019-06-24 11:03:27,0,213.3.60.74,100,1845,1,2019-06-24 11:03:27,R_2QL4HNDp3zBwi1u,,,,,46.2021942138671875,6.1457061767578125,anonymous,DE,20222333,4,4,2,4,2,1,1,1,1,4,2,4,4,1,1,3,4,4,3,4,4,4,2,5,4,2,1,1,5,1,4,4,4,2,4,4,4,4,5,5,1,5,1,4,1,4,2,4,,,,,,,,,,,,,,,,,,20222333
2019-06-24 12:19:17,2019-06-24 12:24:15,0,130.92.255.35,100,297,1,2019-06-24 12:24:15,R_1jCFze8jTMtphqk,,,,,46.9167022705078125,7.466705322265625,anonymous,DE,14132936,1,1,1,1,2,1,1,1,1,2,1,2,5,1,1,4,4,4,5,4,4,5,2,5,1,2,3,4,5,1,4,4,2,5,2,4,4,5,4,5,1,4,1,3,1,5,3,5,,,,,,,,,,,,,,,,,,14134936
2019-06-24 13:21:38,2019-06-24 13:30:05,0,178.197.237.111,100,506,1,2019-06-24 13:30:05,R_eCF0ILQCB4CmjYt,,,,,46.94580078125,7.4481048583984375,anonymous,DE,17122185,5,1,1,1,1,1,1,1,1,2,4,1,5,3,1,4,4,4,4,4,4,1,4,5,4,2,3,4,4,1,5,4,3,3,4,2,1,4,4,3,1,5,1,2,1,5,1,4,2,1,1,2,1,2,2,1,1,1,2,1,2,2,2,1,1,3668
2019-06-24 16:33:19,2019-06-24 16:48:57,0,130.92.201.247,100,937,1,2019-06-24 16:48:58,R_3ITbfl3LgaXttKj,,,,,46.9167022705078125,7.466705322265625,anonymous,DE,00119636,1,1,1,1,1,1,2,1,1,4,1,1,4,1,2,2,5,2,4,5,4,1,1,4,2,2,4,5,4,1,4,2,4,4,4,4,4,2,2,4,1,4,1,4,1,5,2,4,2,1,1,1,1,2,2,1,2,1,1,1,1,2,1,2,2,00119636
2019-06-24 17:50:57,2019-06-24 18:09:43,0,5.153.116.139,100,1126,1,2019-06-24 18:09:44,R_2426UaedNZ9LuLc,,,,,46.89129638671875,7.4983062744140625,anonymous,DE,kim,3,1,1,1,2,1,1,1,1,4,1,2,5,3,3,4,5,4,4,5,5,1,1,5,3,1,1,5,4,1,3,4,4,3,3,3,2,5,3,5,3,5,3,4,1,4,2,4,2,1,1,2,2,2,2,1,1,2,1,2,2,2,1,2,1,kim
2019-06-25 09:20:09,2019-06-25 09:24:31,0,85.5.113.98,100,261,1,2019-06-25 09:24:32,R_33vV4ThryAf1QdY,,,,,47.149200439453125,7.2610931396484375,anonymous,DE,11121787,1,1,1,1,1,1,1,1,5,1,1,1,3,2,2,4,4,3,4,4,4,2,1,5,1,2,2,4,4,1,4,4,4,3,4,4,2,5,4,5,1,5,1,4,1,4,1,5,2,2,1,1,2,2,1,2,1,2,1,1,2,2,2,2,2,11121787
2019-06-25 22:45:43,2019-06-25 22:54:08,0,178.198.14.71,100,505,1,2019-06-25 22:54:09,R_AKH0Iz327kilqGl,,,,,47.0590057373046875,7.627899169921875,anonymous,DE,08727828,1,1,2,1,2,1,1,2,1,1,1,1,3,1,2,2,4,2,3,3,4,4,2,4,3,4,3,5,4,1,4,3,2,4,2,3,3,4,4,2,1,5,1,4,1,4,3,5,2,1,1,1,2,2,1,2,1,1,1,1,2,2,2,2,2,08727828
2019-06-25 15:42:14,2019-06-26 08:26:27,0,85.2.98.183,100,60252,1,2019-06-26 08:26:28,R_1NssmRakrHtRddj,,,,,46.94580078125,7.4481048583984375,anonymous,DE,06643977,2,1,1,2,1,1,1,2,1,1,1,1,2,3,2,1,4,4,4,4,4,3,2,5,4,2,1,2,3,1,4,4,4,3,2,3,3,5,5,5,1,4,2,1,1,4,4,4,2,2,1,1,2,2,1,2,2,1,1,2,1,2,1,2,1,06643977
2019-06-26 09:17:03,2019-06-26 09:23:00,0,80.219.190.103,100,356,1,2019-06-26 09:23:01,R_1Os2jYeT9spqjQW,,,,,46.94580078125,7.4481048583984375,anonymous,DE,14118467,4,1,1,1,2,1,2,1,1,2,1,1,4,2,2,4,4,5,3,4,4,1,2,4,1,2,2,5,3,1,2,4,3,4,4,4,4,4,4,4,2,5,1,2,2,4,3,4,2,1,1,1,1,2,2,1,1,2,2,2,1,2,2,2,2,14118467
2019-06-27 14:29:35,2019-06-27 14:34:54,0,178.193.209.96,100,318,1,2019-06-27 14:34:55,R_Ry138U4TWaKLY9r,,,,,46.85009765625,7.5774993896484375,anonymous,DE,17116294,1,1,1,1,1,1,3,1,1,2,1,1,4,2,3,3,5,2,4,5,2,2,1,5,1,2,4,3,3,1,3,4,4,3,3,4,1,5,1,4,1,5,1,3,1,5,3,5,2,1,1,2,2,1,2,1,2,2,1,2,1,2,1,2,1,3308
2019-06-28 10:05:07,2019-06-28 10:13:15,0,85.0.65.200,100,487,1,2019-06-28 10:13:16,R_T0B1AmVWcWQQFGN,,,,,46.94580078125,7.4481048583984375,anonymous,DE,12206074,2,2,2,2,2,2,1,2,1,3,1,2,4,2,1,4,3,4,4,4,5,2,2,4,2,2,3,5,4,1,5,3,3,5,4,4,3,5,4,4,2,5,1,2,1,3,4,5,2,2,1,1,1,2,2,2,1,1,1,2,1,2,2,2,2,12206074
2019-06-28 10:20:07,2019-06-28 10:27:59,0,213.55.224.73,100,471,1,2019-06-28 10:28:00,R_2cthN29Zkrm1Shr,,,,,47.5583953857421875,7.57330322265625,anonymous,DE,15102775,1,1,1,1,1,1,1,1,1,1,1,1,4,1,2,1,4,1,2,4,4,4,1,5,4,3,1,2,3,1,4,1,4,1,2,3,4,4,5,5,4,5,1,1,1,4,2,5,2,1,1,1,1,1,1,2,1,1,1,2,2,2,2,2,2,15102775
2019-07-01 09:37:27,2019-07-01 09:43:54,0,130.92.213.126,100,386,1,2019-07-01 09:43:56,R_WlljQNJT985pQdz,,,,,46.9167022705078125,7.466705322265625,anonymous,DE,07114689,1,1,1,1,1,1,1,1,1,1,1,1,4,1,1,5,4,4,2,5,3,2,1,5,2,1,4,5,3,1,5,4,1,3,2,4,3,4,1,4,2,5,1,3,1,4,1,4,2,1,2,1,2,1,2,2,1,1,2,2,2,2,1,2,1,07144698
2019-07-01 20:08:07,2019-07-01 20:18:50,0,178.197.224.223,100,642,1,2019-07-01 20:18:51,R_2VaUMYGIZOtrghP,,,,,47.36639404296875,8.554595947265625,anonymous,DE,20123123,1,1,1,1,1,1,1,1,5,1,1,1,4,4,1,4,4,4,4,4,4,1,1,4,2,2,1,4,4,2,4,3,3,4,2,5,1,5,4,4,2,5,1,4,1,4,1,5,2,1,2,1,2,2,2,2,1,1,1,1,2,2,1,2,2,20123123
2019-07-02 08:48:07,2019-07-02 09:00:02,0,130.92.100.243,100,714,1,2019-07-02 09:00:02,R_28Tf6GPTwO3o8FC,,,,,46.9167022705078125,7.466705322265625,anonymous,DE,17126475,1,1,1,1,1,1,1,1,1,1,1,1,5,3,2,4,4,5,4,5,4,1,1,4,4,2,2,5,4,1,5,4,5,5,3,5,2,5,2,2,2,5,1,4,1,5,2,5,2,2,1,1,2,2,2,1,1,1,1,2,1,1,1,2,1,17126475
2019-07-03 12:35:47,2019-07-03 12:48:05,0,130.92.244.22,100,737,1,2019-07-03 12:48:06,R_2S075HqfVjPX5e7,,,,,46.9167022705078125,7.466705322265625,anonymous,DE,14132336,4,2,2,2,2,3,2,1,1,4,2,2,4,4,1,5,4,2,4,4,4,2,2,4,2,2,2,4,4,1,2,5,2,4,1,4,2,4,4,4,2,5,1,2,2,3,3,4,2,1,1,1,2,2,2,1,1,1,2,1,2,2,1,1,1,1678
2019-07-07 20:22:22,2019-07-07 20:35:28,0,178.39.242.41,100,785,1,2019-07-07 20:35:28,R_1IFrXIeHdYK08St,,,,,47.36639404296875,8.554595947265625,anonymous,DE,18110726,2,1,1,1,2,2,2,1,1,2,1,1,5,3,1,2,2,4,2,5,4,1,4,4,2,2,2,5,2,1,3,4,1,5,2,4,2,5,4,4,1,4,1,4,1,5,4,5,2,1,1,2,1,2,2,1,1,1,2,1,2,2,1,1,2,4088
2019-07-09 14:45:05,2019-07-09 14:55:38,0,188.154.60.188,100,633,1,2019-07-09 14:55:39,R_1CJ6ulwExFLoZmY,,,,,46.94580078125,7.4481048583984375,anonymous,DE,13719067,1,1,1,1,1,1,2,1,1,1,1,1,4,1,4,4,4,1,5,4,5,4,4,5,1,2,3,5,4,2,5,1,5,4,4,3,5,5,5,1,1,5,1,3,1,4,5,5,2,1,1,1,2,2,1,1,1,1,1,2,2,1,1,1,1,13719067
2019-07-10 12:30:31,2019-07-10 12:37:23,0,178.194.67.48,100,411,1,2019-07-10 12:37:23,R_1ozN57lqRDKcJeS,,,,,46.9257965087890625,7.4145050048828125,anonymous,DE,12921623,1,1,1,1,1,1,1,1,1,2,1,1,5,2,3,4,2,4,2,3,2,1,1,4,2,2,4,3,2,2,4,4,4,2,4,4,2,4,3,3,1,4,1,3,2,3,2,4,2,2,1,1,2,1,2,2,2,1,2,2,2,2,1,1,1,2586
2019-07-10 14:30:25,2019-07-10 14:37:53,0,130.92.255.35,100,447,1,2019-07-10 14:37:53,R_2qn3Xi7rHTFj8jB,,,,,46.9167022705078125,7.466705322265625,anonymous,DE,16120685,1,1,1,1,1,1,1,1,1,1,1,1,4,1,2,4,5,4,3,4,4,3,4,4,3,1,4,4,4,1,5,4,4,5,4,4,3,4,4,4,1,4,1,2,2,4,2,5,2,2,2,1,2,2,2,1,1,2,1,2,1,1,1,2,2,2612
2019-07-11 16:52:30,2019-07-11 17:12:13,0,5.149.36.81,100,1183,1,2019-07-11 17:12:14,R_0ewqv8gNqHVojHX,,,,,47.0854034423828125,7.5829010009765625,anonymous,DE,15121015,4,1,1,2,3,2,2,2,1,1,4,4,4,1,4,4,2,4,2,2,4,3,1,5,2,2,2,4,1,1,5,4,1,4,4,2,5,3,5,4,2,5,2,1,1,2,5,4,2,1,2,1,1,1,1,1,2,2,1,1,1,1,1,2,1,3140
2019-07-13 06:29:22,2019-07-13 06:36:26,0,213.188.224.195,100,424,1,2019-07-13 06:36:26,R_31AcmBDHePTEZxy,,,,,47.46539306640625,7.8325958251953125,anonymous,DE,20456789,4,2,3,1,4,1,3,2,1,3,3,1,5,3,1,4,5,1,5,5,5,1,4,4,2,1,2,5,5,1,4,5,4,5,4,4,3,5,4,5,2,5,2,3,1,4,2,5,2,1,1,2,2,2,2,2,1,1,1,1,1,1,1,1,2,20456789
2019-07-15 20:39:53,2019-07-15 20:45:47,0,80.208.174.123,100,353,1,2019-07-15 20:45:48,R_a2UVVepmxWIabYZ,,,,,47.495697021484375,9.238800048828125,anonymous,DE,14250831,1,1,1,1,1,1,1,1,1,2,1,1,3,2,1,3,4,4,1,5,3,4,1,5,4,1,3,4,2,1,4,4,2,4,2,4,1,5,4,2,1,4,1,4,1,5,4,5,2,2,2,1,2,1,1,2,2,2,1,2,2,2,1,2,2,14250831
2019-07-16 13:33:54,2019-07-16 13:41:33,0,178.197.227.225,100,458,1,2019-07-16 13:41:34,R_2fBeUQYrV9fQzUi,,,,,47.36639404296875,8.554595947265625,anonymous,DE,17117284,2,1,1,1,4,1,2,1,1,4,1,1,5,5,2,5,5,5,5,5,5,1,2,5,1,2,4,5,5,2,3,5,4,4,2,5,4,5,5,4,1,5,1,4,1,2,5,5,2,1,1,1,2,1,2,1,1,1,2,1,2,2,2,2,2,4147
2019-07-17 09:44:26,2019-07-17 09:56:09,0,85.0.224.152,100,703,1,2019-07-17 09:56:10,R_2aCVoDEup3CHcwJ,,,,,47.364898681640625,7.3444976806640625,anonymous,DE,17120957,2,1,2,1,2,1,2,1,1,4,1,1,2,5,1,2,4,2,2,5,4,2,2,2,4,2,2,4,4,1,5,5,3,4,2,4,4,5,5,4,1,2,1,2,1,4,3,5,2,2,1,2,2,2,2,1,1,1,1,1,2,2,1,2,2,3311
2019-07-19 09:37:11,2019-07-19 09:37:26,0,194.230.147.8,4,14,0,2019-07-20 09:38:14,R_272nPAwoPSkNLK6,,,,,,,anonymous,DE,14250831,,,,,,,,,,,,,,,,,,,,,,,,,,,,,,,,,,,,,,,,,,,,,,,,,,,,,,,,,,,,,,,,,,14250831
