id,time,condition,age,edu,pol,span,seen,Leiter,Geschlecht,ccs1,ccs2,ccs3,ccs4,ccs5,ccs6,ccs7,ccs8,ccs9,ccs10,ccs11,ccs12,nr1,nr2,nr3,nr4,nr5,nr6,nr7,nr8,nr9,nr10,nr11,nr12,nr13,nr14,nr15,nr16,nr17,nr18,nr19,nr20,nr21,nep1,nep2,nep3,nep4,nep5,nep6,nep7,nep8,nep9,nep10,nep11,nep12,nep13,nep14,nep15,SES_1,SES_2,SES_3,SES_4,SES_5,SES_6,SES_7,SES_8,SES_9,SES_10,SES_11,SES_12,SES_13,SES_14,SES_15,SES_16,SES_17,sod_1,sod_2,sod_3,sod_4,sod_5,sod_6,sod_7,sod_8,sod_9,vr_eval1,vr_eval2,vr_eval3,vr_eval4,vr_eval5,ipq1,ipq2,ipq3,ipq4,ipq5,ipq6,ipq7,ipq8,ipq9,ipq10,ipq11,ipq12,ipq13,ipq14,iat,Anmerkungen,Zeit,Frage1,Frage2,Frage3
28287312,1,text,54,5,3,4,2,anna.roesli,W,1,1,2,1,1,1,1,1,1,1,1,1,4,1,2,1,4,4,1,4,3,2,2,2,1,2,3,4,2,1,5,3,2,5,4,5,2,5,2,2,1,4,1,1,1,5,1,4,2,2,2,2,2,1,1,2,2,1,1,2,2,2,2,2,2,NA,NA,NA,NA,NA,NA,NA,NA,NA,2,NA,4,NA,3,NA,NA,NA,NA,NA,NA,NA,NA,NA,NA,NA,NA,NA,NA,0.1792017776531875,ist interessiert an den eigenen Ergebnissen des IAT,2 min 43 sek,"war erstaunt, dass er neutral geschrieben war und nicht dazu motivieren wollte, etwas für die Umwelt zu tun",Schwund des Aletschgletschers wirklich sehr alarmierend,-
28287312,2,text,54,5,3,4,2,anna.roesli,W,1,1,1,1,1,1,1,1,1,1,1,1,4,1,2,1,4,2,2,4,2,3,2,2,2,2,4,3,2,1,5,2,1,4,4,5,1,5,2,2,1,4,1,2,1,5,1,5,2,2,2,2,2,1,1,2,2,1,1,2,2,2,2,2,1,NA,NA,NA,NA,NA,NA,NA,NA,NA,2,NA,4,NA,3,NA,NA,NA,NA,NA,NA,NA,NA,NA,NA,NA,NA,NA,NA,0.4091320233654171,ist interessiert an den eigenen Ergebnissen des IAT,2 min 43 sek,"war erstaunt, dass er neutral geschrieben war und nicht dazu motivieren wollte, etwas für die Umwelt zu tun",Schwund des Aletschgletschers wirklich sehr alarmierend,-
77995467,1,text.bild,21,4,2,4,2,anna.roesli,M,1,1,1,1,1,1,2,1,1,2,1,1,4,2,2,4,5,5,5,5,4,2,3,5,1,2,4,2,4,1,4,4,5,4,4,5,3,5,4,4,2,5,1,2,2,5,2,5,2,1,2,1,1,2,2,1,2,1,2,1,2,1,2,1,2,NA,NA,NA,NA,NA,NA,NA,NA,NA,2,6,5,7,5,NA,NA,NA,NA,NA,NA,NA,NA,NA,NA,NA,NA,NA,NA,-0.4955820252635227,-,3 min 16 sek,fand den Text etwas repetitiv,-,-
77995467,2,text.bild,21,4,2,4,2,anna.roesli,M,1,1,1,1,1,1,1,1,1,1,1,2,4,1,2,4,5,5,5,5,4,2,4,5,1,1,2,3,4,1,5,4,5,5,4,5,3,5,2,3,1,5,1,4,2,5,2,5,2,1,2,1,1,1,2,1,2,1,1,2,2,1,1,1,1,NA,NA,NA,NA,NA,NA,NA,NA,NA,2,6,5,7,5,NA,NA,NA,NA,NA,NA,NA,NA,NA,NA,NA,NA,NA,NA,-0.3624430346501241,-,3 min 16 sek,fand den Text etwas repetitiv,-,-
43795961,1,text.bild,25,5,2,4,3,anna.roesli,W,2,1,1,1,2,1,2,2,1,1,1,1,3,1,2,2,4,3,2,3,3,3,1,4,3,3,2,4,3,2,4,3,3,4,3,3,3,4,3,4,3,5,1,4,2,4,3,4,2,2,2,1,2,1,2,2,2,1,1,1,2,2,1,2,1,NA,NA,NA,NA,NA,NA,NA,NA,NA,5,6,6,6,5,NA,NA,NA,NA,NA,NA,NA,NA,NA,NA,NA,NA,NA,NA,0.5166094865288232,-,2 min 30 sek,"Text war informativ und prägnant, eindrückliche Bilder",-,"Items haben sie dazu angeregt, dass sie weiterhin auf Umwelt und Mitmenschen Rücksicht nehmen will"
43795961,2,text.bild,25,5,2,4,3,anna.roesli,W,2,1,1,1,2,1,2,1,1,2,1,1,3,2,2,2,3,3,3,3,4,3,2,4,4,3,2,4,3,2,4,3,4,4,3,3,3,4,3,5,2,4,2,5,2,4,1,4,2,2,2,1,1,1,2,2,1,1,1,2,2,2,1,2,1,NA,NA,NA,NA,NA,NA,NA,NA,NA,5,6,6,6,5,NA,NA,NA,NA,NA,NA,NA,NA,NA,NA,NA,NA,NA,NA,0.6338874017482425,-,2 min 30 sek,"Text war informativ und prägnant, eindrückliche Bilder",-,"Items haben sie dazu angeregt, dass sie weiterhin auf Umwelt und Mitmenschen Rücksicht nehmen will"
24116991,1,text,22,5,3,4,2,anna.roesli,M,4,2,2,2,2,4,2,1,2,4,1,3,4,2,3,3,4,1,2,3,4,1,1,4,2,2,3,5,3,1,2,1,2,2,4,3,2,4,5,5,2,5,2,2,1,4,1,3,2,2,1,1,1,2,2,1,1,1,1,2,1,2,1,2,2,NA,NA,NA,NA,NA,NA,NA,NA,NA,5,NA,5,NA,4,NA,NA,NA,NA,NA,NA,NA,NA,NA,NA,NA,NA,NA,NA,0.7308450427710546,ist interessiert an Resultaten,2 min 15 sek,"fand Text etwas speziell, wie Geschichte in der Zukunft erzählt wird von jemandem, der längst gestorben ist",-,"nichts Konkretes, fand aber generell Auseinandersetzung mit dem Thema wichtig und gut"
24116991,2,text,22,5,3,4,2,anna.roesli,M,4,2,2,1,2,1,3,1,1,3,1,3,2,2,3,4,3,1,3,3,4,2,2,4,2,3,4,5,3,2,2,2,2,2,4,4,3,5,5,2,1,5,2,4,3,4,3,3,2,2,1,1,1,1,2,1,1,1,2,2,2,2,2,2,1,NA,NA,NA,NA,NA,NA,NA,NA,NA,5,NA,5,NA,4,NA,NA,NA,NA,NA,NA,NA,NA,NA,NA,NA,NA,NA,NA,-0.2788315959934612,ist interessiert an Resultaten,2 min 15 sek,"fand Text etwas speziell, wie Geschichte in der Zukunft erzählt wird von jemandem, der längst gestorben ist",-,"nichts Konkretes, fand aber generell Auseinandersetzung mit dem Thema wichtig und gut"
44329800,1,video,66,6,2,4,3,anna.roesli,M,1,1,5,1,1,1,1,1,1,2,1,1,5,1,2,4,4,4,2,5,4,1,1,5,4,2,2,5,5,1,4,3,4,4,4,5,4,5,3,5,1,5,1,2,1,5,2,5,2,2,1,2,2,2,2,2,2,1,2,2,1,1,2,2,2,3,1,7,1,4,2,2,1,7,6,5,4,5,5,1,1,6,6,1,5,6,4,4,3,6,7,5,1,0.4635566379746274,"konnte Computer nur schlecht bedienen, hat gesamthaft für das Experiment fast eine Stunde benötigt, hat immer wieder dazwischen Fragen gestellt, ist interessiert an Resultaten/Abschlussbericht",-,"Inhalt sehr gut, graphisch aber nicht vergleichbar mit Natur","Nein, weil er dies schon gekannt hat und bereits viel darüber weiss.",-
44329800,2,video,66,6,2,4,3,anna.roesli,M,1,1,1,1,1,1,1,1,1,2,1,1,4,1,1,4,4,4,3,5,4,5,2,5,4,2,1,5,5,1,4,4,4,5,4,5,2,4,2,5,1,5,1,3,4,5,3,4,2,2,1,1,1,1,2,2,2,1,2,2,1,1,2,2,2,3,1,7,1,4,2,2,1,7,6,5,4,5,5,1,1,6,6,1,5,6,4,4,3,6,7,5,1,-0.3980438027454727,"konnte Computer nur schlecht bedienen, hat gesamthaft für das Experiment fast eine Stunde benötigt, hat immer wieder dazwischen Fragen gestellt, ist interessiert an Resultaten/Abschlussbericht",-,"Inhalt sehr gut, graphisch aber nicht vergleichbar mit Natur","Nein, weil er dies schon gekannt hat und bereits viel darüber weiss.",-
26891467,1,video,25,5,2,4,3,anna.roesli,W,1,2,1,1,1,1,1,1,1,1,2,2,4,1,2,3,4,4,4,4,5,1,2,5,3,1,2,4,5,1,4,4,4,4,4,4,3,4,4,4,2,4,2,4,1,5,4,5,2,1,1,2,1,1,2,1,1,1,2,1,1,2,1,2,2,6,2,6,2,5,6,2,2,6,6,3,5,5,4,5,3,2,6,5,6,6,4,2,6,3,4,5,6,-0.11750163213195425,-,-,-,weiterhin Beschäftigung mit dem Thema,-
26891467,2,video,25,5,2,4,3,anna.roesli,W,2,1,1,1,1,2,1,1,1,2,2,2,4,1,2,3,4,4,4,4,4,1,3,5,3,1,2,4,4,1,4,5,3,4,2,3,4,4,4,4,2,4,2,4,1,4,3,4,2,1,1,2,1,1,2,1,1,1,2,1,2,2,1,1,2,6,2,6,2,5,6,2,2,6,6,3,5,5,4,5,3,2,6,5,6,6,4,2,6,3,4,5,6,0.7159930164634808,-,-,-,weiterhin Beschäftigung mit dem Thema,-
73397305,1,video,19,4,2,4,3,anna.roesli,W,1,1,1,1,1,1,1,1,1,2,1,1,5,1,1,4,4,4,1,4,3,2,1,4,4,3,4,4,3,2,4,3,3,3,1,4,3,5,5,5,4,4,1,5,1,4,1,4,2,2,2,2,1,1,2,1,2,1,1,1,2,2,1,1,2,6,7,1,7,7,4,7,7,1,6,1,1,1,1,1,6,6,3,2,3,5,4,3,5,7,2,2,4,0.7759046163239238,ist interessiert an Resultaten,-,"fand Video unangenehm, dass sie den Blick nicht selbst steuern konnte, sonst aber schon prägend","wurde wieder einmal bewusst, wie schlecht es um unsere Welt steht","möchte weiterhin möglichst umweltbewusst handeln, wird sich aber nichts gross verändern"
73397305,2,video,19,4,2,4,3,anna.roesli,W,1,1,1,1,1,1,1,1,1,2,1,1,4,1,1,4,4,5,1,4,5,2,1,4,4,4,3,5,4,1,5,4,4,4,1,5,2,5,4,5,5,5,1,4,1,5,1,5,2,2,1,1,1,1,1,1,1,1,1,1,2,2,1,1,2,6,7,1,7,7,4,7,7,1,6,1,1,1,1,1,6,6,3,2,3,5,4,3,5,7,2,2,4,0.5418772495077112,ist interessiert an Resultaten,-,"fand Video unangenehm, dass sie den Blick nicht selbst steuern konnte, sonst aber schon prägend","wurde wieder einmal bewusst, wie schlecht es um unsere Welt steht","möchte weiterhin möglichst umweltbewusst handeln, wird sich aber nichts gross verändern"
16916096,1,text,21,4,2,3,1,anna.roesli,W,1,1,1,1,1,1,1,1,1,1,1,1,4,2,2,4,4,5,4,4,4,2,2,5,2,2,1,5,4,1,4,2,2,4,3,3,4,4,4,3,1,5,1,2,1,5,1,2,2,1,1,1,2,1,1,1,2,1,1,2,2,2,1,2,2,NA,NA,NA,NA,NA,NA,NA,NA,NA,5,NA,6,NA,4,NA,NA,NA,NA,NA,NA,NA,NA,NA,NA,NA,NA,NA,NA,-0.12557740789184296,-,2 min 13 sek,"einfach geschrieben (evtl. für Kinder oder jemanden, der nicht so gut Bescheid weiss)",-,-
16916096,2,text,21,4,2,3,1,anna.roesli,W,1,1,1,1,1,1,2,1,1,2,1,2,4,2,2,4,4,5,4,4,4,2,2,4,2,2,4,4,4,1,4,4,3,5,4,4,4,4,4,2,1,5,1,4,2,4,1,4,2,1,1,1,2,1,1,2,2,1,1,2,2,2,1,2,2,NA,NA,NA,NA,NA,NA,NA,NA,NA,5,NA,6,NA,4,NA,NA,NA,NA,NA,NA,NA,NA,NA,NA,NA,NA,NA,NA,0.10961406553629917,-,2 min 13 sek,"einfach geschrieben (evtl. für Kinder oder jemanden, der nicht so gut Bescheid weiss)",-,-
40423892,1,text,25,4,2,3,2,anna.roesli,W,1,2,1,2,1,1,5,4,1,3,2,1,5,1,1,4,4,5,2,4,4,1,2,5,1,1,2,4,5,2,4,3,3,4,1,4,3,5,5,4,2,5,1,1,1,1,2,4,2,1,1,1,1,2,2,1,1,1,2,2,1,2,2,2,2,NA,NA,NA,NA,NA,NA,NA,NA,NA,5,NA,5,NA,6,NA,NA,NA,NA,NA,NA,NA,NA,NA,NA,NA,NA,NA,NA,0.10589964104649888,-,2 min 48 sek,konkrete Details zum Aletschgletscher waren neu,-,möchte sich über Klimawandel in anderen Disziplinen (z.B. aus Sicht der Astrophysik) noch genauer informieren
40423892,2,text,25,4,2,3,2,anna.roesli,W,2,2,1,2,2,1,2,1,1,2,2,1,5,1,1,4,4,5,4,4,4,1,2,4,1,2,2,4,4,1,4,2,3,4,1,4,3,5,4,4,2,5,2,2,1,3,4,4,2,1,1,2,1,2,2,1,1,1,2,1,1,2,2,2,2,NA,NA,NA,NA,NA,NA,NA,NA,NA,5,NA,5,NA,6,NA,NA,NA,NA,NA,NA,NA,NA,NA,NA,NA,NA,NA,NA,0.059202358142144584,-,2 min 48 sek,konkrete Details zum Aletschgletscher waren neu,-,möchte sich über Klimawandel in anderen Disziplinen (z.B. aus Sicht der Astrophysik) noch genauer informieren
24037384,1,text,24,4,3,4,2,anna.roesli,M,2,1,1,1,2,1,1,1,1,1,1,1,4,3,4,4,4,4,1,4,4,2,2,4,2,2,3,4,3,2,4,4,2,3,4,2,4,4,2,3,2,5,2,4,2,4,2,4,2,1,1,1,1,2,2,1,2,1,1,1,2,2,2,1,2,NA,NA,NA,NA,NA,NA,NA,NA,NA,5,NA,5,NA,5,NA,NA,NA,NA,NA,NA,NA,NA,NA,NA,NA,NA,NA,NA,0.5530198394514994,-,2 min 43 sek,-,"bezüglich eines Items (egal, was ich tue, es wird nicht das Geschehen an anderen Orten verändern): wurde darauf aufmerksam, dass das wirklich keine ""kluge"" Einstellung ist und möchte dies verändern",-
24037384,2,text,24,4,3,4,2,anna.roesli,M,2,1,1,1,2,1,3,2,1,1,2,1,4,4,4,3,4,4,1,4,4,2,1,4,2,2,3,4,3,2,5,2,2,4,4,4,4,5,4,4,2,5,1,2,1,4,4,5,2,1,2,1,1,1,1,1,1,2,1,1,1,2,1,1,1,NA,NA,NA,NA,NA,NA,NA,NA,NA,5,NA,5,NA,5,NA,NA,NA,NA,NA,NA,NA,NA,NA,NA,NA,NA,NA,NA,0.42710043686405647,-,2 min 43 sek,-,"bezüglich eines Items (egal, was ich tue, es wird nicht das Geschehen an anderen Orten verändern): wurde darauf aufmerksam, dass das wirklich keine ""kluge"" Einstellung ist und möchte dies verändern",-
50713676,1,video,25,4,3,5,2,anna.roesli,M,1,1,1,1,1,1,1,1,1,3,3,1,4,4,1,1,4,2,2,3,3,4,3,3,1,2,4,3,1,1,4,2,1,4,4,4,1,5,1,3,1,3,1,1,1,4,1,5,2,2,1,1,2,1,1,2,2,1,1,2,2,1,2,2,1,2,1,2,1,2,2,3,1,7,5,3,5,4,5,2,2,4,5,1,1,6,2,5,2,4,2,2,1,0.14890680557551966,-,-,-,-,-
50713676,2,video,25,4,3,5,2,anna.roesli,M,1,1,1,1,1,1,2,1,1,3,1,2,4,4,2,2,3,2,1,3,2,4,4,2,2,2,4,4,4,1,5,3,2,2,2,5,1,5,1,5,1,2,1,2,1,2,3,5,2,2,1,1,1,1,1,2,1,2,1,2,2,2,1,2,1,2,1,2,1,2,2,3,1,7,5,3,5,4,5,2,2,4,5,1,1,6,2,5,2,4,2,2,1,0.04724575636027796,-,-,-,-,-
58342088,1,text.bild,24,4,1,4,2,anna.roesli,M,1,1,1,1,1,1,2,2,1,2,1,1,5,1,4,4,4,4,1,5,2,1,2,4,1,2,3,4,2,1,4,4,1,3,4,4,2,1,4,1,1,4,2,4,2,5,2,4,1,1,1,1,2,2,2,1,1,1,1,2,1,1,2,1,2,NA,NA,NA,NA,NA,NA,NA,NA,NA,6,5,7,6,5,NA,NA,NA,NA,NA,NA,NA,NA,NA,NA,NA,NA,NA,NA,-0.6033349766735514,-,2 min 30 sek,"Text war einfach geschrieben, hat vermutet dass allenfalls für Kinder",-,-
58342088,2,text.bild,24,4,1,4,2,anna.roesli,M,2,1,1,1,1,1,2,1,1,2,1,1,4,3,4,4,4,4,1,5,4,2,3,4,2,2,4,4,3,1,4,4,2,4,5,3,3,4,4,2,1,5,1,4,3,4,1,4,2,1,1,1,2,2,1,1,1,1,1,2,1,1,2,1,2,NA,NA,NA,NA,NA,NA,NA,NA,NA,6,5,7,6,5,NA,NA,NA,NA,NA,NA,NA,NA,NA,NA,NA,NA,NA,NA,-0.6229967456413785,-,2 min 30 sek,"Text war einfach geschrieben, hat vermutet dass allenfalls für Kinder",-,-
04275900,1,text.bild,19,4,2,4,2,anna.roesli,W,2,1,1,1,1,1,1,1,1,2,1,1,5,1,1,4,4,5,3,5,5,1,2,5,1,1,1,5,4,1,4,5,4,5,3,4,4,5,3,5,2,5,1,4,1,4,2,4,2,1,1,1,1,1,2,1,1,1,2,2,2,2,1,1,1,NA,NA,NA,NA,NA,NA,NA,NA,NA,7,6,6,6,6,NA,NA,NA,NA,NA,NA,NA,NA,NA,NA,NA,NA,NA,NA,0.3258842017490595,ist interessiert an Resultaten,2 min 18 sek,"fantasievoll, evtl. auch für Kinder geeignet",-,-
04275900,2,text.bild,19,4,2,4,2,anna.roesli,W,1,1,1,1,1,1,1,1,1,1,1,1,5,1,2,4,4,5,3,5,5,2,2,4,1,1,1,4,5,2,4,5,4,5,2,4,4,5,2,5,2,5,3,4,1,4,2,4,2,1,1,1,1,1,2,1,1,1,2,1,2,1,1,1,1,NA,NA,NA,NA,NA,NA,NA,NA,NA,7,6,6,6,6,NA,NA,NA,NA,NA,NA,NA,NA,NA,NA,NA,NA,NA,NA,0.8852089731371591,ist interessiert an Resultaten,2 min 18 sek,"fantasievoll, evtl. auch für Kinder geeignet",-,-
15086316,1,text.bild,23,4,3,3,3,alina.schaerer,W,1,1,1,1,2,1,1,1,1,4,2,4,4,1,1,2,2,2,4,4,4,1,4,4,2,2,4,2,4,1,4,3,2,5,3,4,4,4,4,2,1,4,2,2,4,4,4,4,2,1,1,2,1,2,1,2,1,2,1,2,1,2,2,2,2,NA,NA,NA,NA,NA,NA,NA,NA,NA,6,6,6,6,7,NA,NA,NA,NA,NA,NA,NA,NA,NA,NA,NA,NA,NA,NA,0.9198404032522105,NA,3 min 23 sec,"beeindruckend, da ich Alteschgletscher auch schon gesehen habe, krass wie schnell die Gletscherschmelze geht, bleibt nicht mehr viel Zeit","habe schon wieder Papp-Becher für Kaffee dabei (eigener vergessen), probiere weniger mit dem Auto zu fahren und mehr ÖV zu nehmen, und probiere allg. bewusster zu leben","direkt ändern ist schwierig, aber denkt oft man ist ja bloss eine Person und dass es etwas bewirkt, müssten viele Handeln
"
15086316,2,text.bild,23,4,3,3,3,alina.schaerer,W,2,1,1,1,1,1,1,1,1,1,1,2,4,1,1,4,4,3,4,4,4,1,4,5,1,2,4,4,4,1,4,4,2,2,4,4,4,5,4,4,1,5,1,2,2,2,2,5,2,2,1,2,1,2,2,2,1,2,1,2,1,2,2,2,1,NA,NA,NA,NA,NA,NA,NA,NA,NA,6,6,6,6,7,NA,NA,NA,NA,NA,NA,NA,NA,NA,NA,NA,NA,NA,NA,0.8265022724020493,NA,3 min 23 sec,"beeindruckend, da ich Alteschgletscher auch schon gesehen habe, krass wie schnell die Gletscherschmelze geht, bleibt nicht mehr viel Zeit","habe schon wieder Papp-Becher für Kaffee dabei (eigener vergessen), probiere weniger mit dem Auto zu fahren und mehr ÖV zu nehmen, und probiere allg. bewusster zu leben","direkt ändern ist schwierig, aber denkt oft man ist ja bloss eine Person und dass es etwas bewirkt, müssten viele Handeln
"
85587028,1,text,21,4,6,4,2,alina.schaerer,M,4,3,3,3,4,4,3,2,2,1,3,4,4,2,5,1,4,4,3,2,3,4,3,3,1,4,4,1,3,2,3,4,4,5,5,2,5,2,4,2,4,4,3,4,4,4,5,2,1,2,2,1,1,2,2,1,1,2,1,2,1,1,1,2,2,NA,NA,NA,NA,NA,NA,NA,NA,NA,6,NA,6,NA,6,NA,NA,NA,NA,NA,NA,NA,NA,NA,NA,NA,NA,NA,NA,0.06168885552880936,NA,2 min 18 sec,erstaunlich was ein geringer Temperaturanstieg bewirken kann,"Nein, aber war gut mitzumachen
","Nein, bilde meine Einstellung selbst und dafür muss ich nicht an Studie/Experiment mitmachen, sondern selbst durchs Leben gehen"
85587028,2,text,21,4,6,4,2,alina.schaerer,M,4,3,1,2,4,1,2,3,2,3,2,5,4,3,5,2,2,1,1,3,2,2,4,1,2,4,4,1,1,2,4,4,1,5,5,2,4,2,4,2,4,4,4,4,5,5,4,3,1,1,2,1,1,2,2,1,1,1,1,2,1,2,2,2,2,NA,NA,NA,NA,NA,NA,NA,NA,NA,6,NA,6,NA,6,NA,NA,NA,NA,NA,NA,NA,NA,NA,NA,NA,NA,NA,NA,-0.1601338477317767,NA,2 min 18 sec,erstaunlich was ein geringer Temperaturanstieg bewirken kann,"Nein, aber war gut mitzumachen
","Nein, bilde meine Einstellung selbst und dafür muss ich nicht an Studie/Experiment mitmachen, sondern selbst durchs Leben gehen"
34908377,1,video,21,4,1,4,3,alina.schaerer,M,3,2,1,1,2,1,1,1,1,1,2,3,4,2,2,3,4,3,5,4,5,2,3,4,1,2,4,4,5,1,4,4,4,5,4,4,4,4,4,2,1,4,1,1,4,2,2,4,1,1,1,1,1,1,2,1,1,1,1,2,1,1,2,2,1,6,2,5,2,6,6,2,2,6,6,3,4,3,5,4,4,2,3,4,5,5,2,2,5,5,4,1,1,0.08683445362362426,NA,NA,"animiert, geht um Klimawandel, nicht erstaunt (da Skifahrer und gut informiert)","müssen etwas gegen den Klimawandel machen und unsere Gletscher schützen
","nein, sehe Ursache v.a. bei Industrie und der damaligen Industriealisierung und nicht bei einzelnen Personen"
34908377,2,video,21,4,1,4,3,alina.schaerer,M,2,1,1,1,2,1,2,1,1,2,1,2,4,2,1,4,3,3,5,4,4,2,1,5,1,2,4,5,5,1,4,4,4,5,4,4,4,4,2,2,1,4,2,2,4,3,4,5,1,1,1,1,1,1,1,1,1,1,1,2,2,1,2,2,1,6,2,5,2,6,6,2,2,6,6,3,4,3,5,4,4,2,3,4,5,5,2,2,5,5,4,1,1,-0.3560468733022717,NA,NA,"animiert, geht um Klimawandel, nicht erstaunt (da Skifahrer und gut informiert)","müssen etwas gegen den Klimawandel machen und unsere Gletscher schützen
","nein, sehe Ursache v.a. bei Industrie und der damaligen Industriealisierung und nicht bei einzelnen Personen"
09736625,1,video,22,4,2,4,3,alina.schaerer,W,4,1,1,1,1,1,2,1,1,4,4,1,4,1,1,2,5,2,1,5,5,1,2,4,4,1,2,2,4,1,5,5,3,5,2,5,1,5,4,5,1,5,1,4,1,5,2,5,2,1,2,1,2,2,2,2,2,1,1,1,2,2,1,2,1,5,6,2,6,7,7,5,6,2,6,6,7,6,6,5,3,3,4,5,5,6,5,2,5,5,5,4,2,0.8839611395936762,NA,NA,"gefallen, aber ich fand die Graphik nicht so gut und deshalb war es witzig wenn man sich in diese Welt hinein versetzen musste","Nein, habe grundsätzlich nichts neues gelernt, ist klar, dass Aletschgletscher ziemlich radikal zurück geht und einmal nicht mehr ist, aber kann sich das durch Verbildlichung besser vorstellen","Vielleicht noch aktiver probieren mehr auf Umgebung und Natur zu schauen und umweltfreundlicher wird, aber schlussendlich ist es als Einzelperson nicht einfach viel zu bewirken, sollte aber bewusster leben"
09736625,2,video,22,4,2,4,3,alina.schaerer,W,1,1,1,1,1,1,2,1,1,2,2,1,4,2,1,4,5,4,4,5,5,1,2,5,2,1,2,4,5,1,5,5,4,5,1,4,1,5,1,4,1,5,1,5,1,5,2,5,2,2,1,1,2,NA,2,2,2,1,1,1,2,2,1,2,2,5,6,2,6,7,7,5,6,2,6,6,7,6,6,5,3,3,4,5,5,6,5,2,5,5,5,4,2,0.6706297828582384,NA,NA,"gefallen, aber ich fand die Graphik nicht so gut und deshalb war es witzig wenn man sich in diese Welt hinein versetzen musste","Nein, habe grundsätzlich nichts neues gelernt, ist klar, dass Aletschgletscher ziemlich radikal zurück geht und einmal nicht mehr ist, aber kann sich das durch Verbildlichung besser vorstellen","Vielleicht noch aktiver probieren mehr auf Umgebung und Natur zu schauen und umweltfreundlicher wird, aber schlussendlich ist es als Einzelperson nicht einfach viel zu bewirken, sollte aber bewusster leben"
69549339,1,text.bild,57,3,3,4,2,alina.schaerer,W,1,1,1,1,1,1,1,1,1,4,1,1,5,1,4,1,4,4,4,5,5,1,2,5,5,4,1,5,4,1,4,4,4,5,4,5,5,5,4,5,1,4,1,3,1,5,4,5,2,2,1,1,1,2,2,1,1,1,1,2,1,1,1,1,2,NA,NA,NA,NA,NA,NA,NA,NA,NA,6,6,3,6,3,NA,NA,NA,NA,NA,NA,NA,NA,NA,NA,NA,NA,NA,NA,0.25502159046179174,NA,3 min 42 sec,"schockierend, dass so Grade so viel ausmachen...",sollte umweltbewusster leben,"habe schon einiges geändert (Druck durch Tochter), aber mehr geht immer noch"
69549339,2,text.bild,57,3,3,4,2,alina.schaerer,W,1,1,1,1,1,1,1,1,1,5,1,1,5,1,1,1,4,4,4,4,5,1,2,4,4,2,1,5,4,1,4,4,4,4,1,5,1,4,5,5,2,4,1,3,1,5,1,4,2,1,1,1,1,2,2,1,1,1,1,NA,1,2,2,1,2,NA,NA,NA,NA,NA,NA,NA,NA,NA,6,6,3,6,3,NA,NA,NA,NA,NA,NA,NA,NA,NA,NA,NA,NA,NA,NA,0.02918422478393269,NA,3 min 42 sec,"schockierend, dass so Grade so viel ausmachen...",sollte umweltbewusster leben,"habe schon einiges geändert (Druck durch Tochter), aber mehr geht immer noch"
14643790,1,text,27,5,1,4,3,alina.schaerer,W,1,1,2,1,1,1,1,1,1,2,1,1,5,1,1,4,5,5,5,5,4,1,1,5,3,1,1,5,5,1,4,5,5,5,1,5,3,5,4,5,1,5,1,4,1,4,1,5,2,1,2,1,1,2,2,1,1,1,1,1,1,1,2,2,2,NA,NA,NA,NA,NA,NA,NA,NA,NA,7,NA,7,NA,4,NA,NA,NA,NA,NA,NA,NA,NA,NA,NA,NA,NA,NA,NA,0.2851058985709497,NA,1 min 42 sec,"1. Schreibfehler in Text
2. hat mir nicht gefallen, da traurig, aber nicht schockiert, da ich das schon gewusst habe und mich damit befasse, aber krass dass 2070 nichts mehr hier ist...",einfachere Bedingung: Natur + positiv als Menschgemacht + positiv,"Nein, nur dass ich es cool finde, dass ihr das untersucht und sich so mehr Menschen damit befassen, darum bin ich dankbar, weil ich finde dass mehr Menschen sich Gedanken machen sollten"
14643790,2,text,27,5,1,4,3,alina.schaerer,W,2,2,1,1,1,1,1,1,1,2,1,1,5,1,1,4,5,5,5,5,4,1,1,5,4,1,1,5,5,1,5,5,5,5,1,5,3,5,4,5,1,5,1,4,1,4,2,5,2,1,2,1,1,2,2,1,1,1,1,1,1,1,2,2,2,NA,NA,NA,NA,NA,NA,NA,NA,NA,7,NA,7,NA,4,NA,NA,NA,NA,NA,NA,NA,NA,NA,NA,NA,NA,NA,NA,0.19850362342159583,NA,1 min 42 sec,"1. Schreibfehler in Text
2. hat mir nicht gefallen, da traurig, aber nicht schockiert, da ich das schon gewusst habe und mich damit befasse, aber krass dass 2070 nichts mehr hier ist...",einfachere Bedingung: Natur + positiv als Menschgemacht + positiv,"Nein, nur dass ich es cool finde, dass ihr das untersucht und sich so mehr Menschen damit befassen, darum bin ich dankbar, weil ich finde dass mehr Menschen sich Gedanken machen sollten"
52370905,1,text.bild,24,4,3,5,2,alina.schaerer,M,1,3,1,1,2,2,1,1,1,1,1,1,3,1,5,4,2,3,5,4,3,2,1,5,1,1,2,3,5,1,5,4,4,3,5,5,5,5,5,4,1,5,1,3,1,5,2,5,2,1,1,1,1,2,1,1,1,2,1,1,1,2,1,1,2,NA,NA,NA,NA,NA,NA,NA,NA,NA,5,6,6,6,6,NA,NA,NA,NA,NA,NA,NA,NA,NA,NA,NA,NA,NA,NA,0.6827699500272626,NA,"3 min 26 sec
",sehr eindrücklich und interessant erzählt,"wir einen einmal mehr bewusst, wie es um unsere Welt steht und dass man etwas machen müsste","Ich gebe mir schon Mühe umweltbewusst zu leben, denke mehr als bereits werde ich nicht machen"
52370905,2,text.bild,24,4,3,5,2,alina.schaerer,M,2,1,1,1,1,1,2,1,5,1,1,2,4,2,1,2,4,3,4,4,4,2,2,3,3,2,2,5,4,1,3,2,3,4,1,4,4,2,2,4,2,4,3,4,1,5,4,4,2,1,1,1,1,2,1,1,1,1,2,1,1,1,2,1,1,NA,NA,NA,NA,NA,NA,NA,NA,NA,5,6,6,6,6,NA,NA,NA,NA,NA,NA,NA,NA,NA,NA,NA,NA,NA,NA,0.3819681895317607,NA,"3 min 26 sec
",sehr eindrücklich und interessant erzählt,"wir einen einmal mehr bewusst, wie es um unsere Welt steht und dass man etwas machen müsste","Ich gebe mir schon Mühe umweltbewusst zu leben, denke mehr als bereits werde ich nicht machen"
47060584,1,video,19,2,3,4,1,alina.schaerer,M,4,2,2,1,4,1,2,1,1,1,2,1,2,4,4,2,4,4,2,4,4,3,1,3,2,4,3,4,3,2,4,4,4,3,3,4,4,4,4,4,2,4,2,2,1,3,4,4,2,1,1,1,1,2,1,1,1,1,1,1,1,1,1,2,1,6,5,6,2,5,6,5,6,6,6,5,6,6,6,4,3,5,3,2,2,3,2,4,6,2,4,5,1,0.45317714583838486,NA,NA,"spannend, was so geringe Temperaturunterschiede ausrichten können","Ja, ich werde probieren mehr auf die Umwelt zu achten",Vlt sollte ich weniger Dinge Online bestellen
47060584,2,video,19,2,3,4,1,alina.schaerer,M,3,1,1,1,1,1,2,1,1,2,1,2,2,3,2,2,2,1,3,2,2,4,4,4,4,3,4,4,2,3,2,2,2,4,2,4,4,4,4,4,2,4,4,3,1,5,2,4,2,2,1,1,1,2,1,1,1,1,2,1,1,2,2,2,1,6,5,6,2,5,6,5,6,6,6,5,6,6,6,4,3,5,3,2,2,3,2,4,6,2,4,5,1,0.6016114720013646,NA,NA,"spannend, was so geringe Temperaturunterschiede ausrichten können","Ja, ich werde probieren mehr auf die Umwelt zu achten",Vlt sollte ich weniger Dinge Online bestellen
39241168,1,text,21,4,2,4,3,alina.schaerer,W,1,1,5,1,1,1,1,5,1,4,2,1,4,1,1,4,4,5,3,4,4,1,4,5,2,1,4,4,5,1,4,3,4,4,4,3,5,5,5,4,5,4,1,2,1,5,2,5,2,2,1,1,2,1,2,2,2,2,1,1,2,2,1,2,2,NA,NA,NA,NA,NA,NA,NA,NA,NA,5,NA,7,NA,6,NA,NA,NA,NA,NA,NA,NA,NA,NA,NA,NA,NA,NA,NA,0.5992676572912039,NA,2 min 10 sec,"gut gefallen, gibt guter Überblick, und einfach verständlich durch Erzähler, aber für mich nichts neues","Nein, da ich davor schon dieser Meinung war","Nein, ich denke nicht"
39241168,2,text,21,4,2,4,3,alina.schaerer,W,1,1,1,1,2,1,1,1,1,4,1,1,4,1,1,4,2,5,4,5,4,1,1,5,4,2,2,4,5,1,5,3,2,3,4,4,4,4,5,5,4,4,1,2,1,4,4,4,2,2,1,1,2,1,1,2,2,2,1,2,2,2,1,2,1,NA,NA,NA,NA,NA,NA,NA,NA,NA,5,NA,7,NA,6,NA,NA,NA,NA,NA,NA,NA,NA,NA,NA,NA,NA,NA,NA,0.0945520029385141,NA,2 min 10 sec,"gut gefallen, gibt guter Überblick, und einfach verständlich durch Erzähler, aber für mich nichts neues","Nein, da ich davor schon dieser Meinung war","Nein, ich denke nicht"
18021224,1,text.bild,21,4,2,4,3,alina.schaerer,M,4,1,1,1,2,1,1,1,1,2,1,1,4,1,3,4,2,4,5,5,4,2,2,5,1,4,1,4,4,1,5,4,4,3,4,5,3,5,1,5,3,5,1,4,1,4,4,4,2,1,1,1,2,2,2,1,2,1,1,2,1,2,2,2,2,NA,NA,NA,NA,NA,NA,NA,NA,NA,5,6,6,7,6,NA,NA,NA,NA,NA,NA,NA,NA,NA,NA,NA,NA,NA,NA,-0.4624609380569769,NA,1 min 24 sec,"spannend und erschreckend dass sich in so kurzen Zeiträumen so viel verändert, v.a. dass der Gletscher bald weg sein wird
","Dass Klimawandel und Gletscherschmelze ein wichtiges Thema sind, war mir schon bewusst, daher weiss ich nicht ob sich meine Haltung geändert hat","Schwierig, es ist's eins zu wissen, was man anders machen sollte, aber ob man das dann wirklich macht... Ist wie bei allen Vorsätzen, die man sich nimmt"
18021224,2,text.bild,21,4,2,4,3,alina.schaerer,M,4,1,1,1,1,1,1,2,1,1,1,1,4,1,2,5,3,5,5,4,5,2,2,4,2,2,3,4,4,4,5,2,4,3,4,4,2,5,4,5,1,5,2,2,1,4,3,4,1,2,1,1,1,2,2,1,2,1,2,1,1,2,1,1,1,NA,NA,NA,NA,NA,NA,NA,NA,NA,5,6,6,7,6,NA,NA,NA,NA,NA,NA,NA,NA,NA,NA,NA,NA,NA,NA,-0.4426300518151002,NA,1 min 24 sec,"spannend und erschreckend dass sich in so kurzen Zeiträumen so viel verändert, v.a. dass der Gletscher bald weg sein wird
","Dass Klimawandel und Gletscherschmelze ein wichtiges Thema sind, war mir schon bewusst, daher weiss ich nicht ob sich meine Haltung geändert hat","Schwierig, es ist's eins zu wissen, was man anders machen sollte, aber ob man das dann wirklich macht... Ist wie bei allen Vorsätzen, die man sich nimmt"
33700496,1,video,52,3,5,4,2,alina.schaerer,W,2,2,2,2,2,3,4,1,2,2,4,2,4,1,1,4,2,4,2,4,4,1,4,4,1,1,1,5,3,1,4,3,2,3,2,4,4,4,4,4,2,4,2,3,1,4,2,4,2,2,2,1,2,2,2,2,1,1,1,1,2,2,2,2,1,7,1,7,1,1,1,1,1,7,6,5,6,6,6,1,2,1,1,1,1,5,7,1,7,2,6,4,2,0.22370199121870854,NA,NA,"Anfangs: Film nicht so scharf, da Gleichsichtbrille, musste sich konzetrieren richtig zu schauen. Sonst gefällt Video","Schockiert, dass Gletscher in kurzer Zeit weg sein wird, hatte sie sich noch nie so überlegt","Hofft es!
Will mehr auf Umwelt achten: neue Heizung wird sicherlich nicht eine Ölheizung sein
"
33700496,2,video,52,3,5,4,2,alina.schaerer,W,2,2,2,1,1,2,2,1,2,2,4,1,5,5,1,4,4,2,5,4,5,1,3,4,4,2,1,5,5,1,5,4,5,5,1,5,4,5,1,5,1,4,2,3,1,5,4,4,2,2,2,1,2,2,1,2,1,2,1,1,1,2,2,2,1,7,1,7,1,1,1,1,1,7,6,5,6,6,6,1,2,1,1,1,1,5,7,1,7,2,6,4,2,0.6201587736321251,NA,NA,"Anfangs: Film nicht so scharf, da Gleichsichtbrille, musste sich konzetrieren richtig zu schauen. Sonst gefällt Video","Schockiert, dass Gletscher in kurzer Zeit weg sein wird, hatte sie sich noch nie so überlegt","Hofft es!
Will mehr auf Umwelt achten: neue Heizung wird sicherlich nicht eine Ölheizung sein
"
83837483,1,text,22,4,3,5,3,alina.schaerer,W,4,2,1,1,2,1,3,1,2,5,1,2,2,1,1,3,5,4,3,5,4,2,1,3,1,1,1,1,5,1,5,1,1,5,1,5,1,5,1,5,1,5,1,5,1,2,2,3,2,1,1,1,1,2,2,1,1,1,2,1,2,1,1,1,2,NA,NA,NA,NA,NA,NA,NA,NA,NA,6,NA,6,NA,6,NA,NA,NA,NA,NA,NA,NA,NA,NA,NA,NA,NA,NA,NA,0.2836849931223976,NA,2 min 15 sec,"Nein, hat sich gefragt wieso jmd von London Geschichte erzählt","bei IAT: Wenn man bei pos. und menschengemacht drücken musste, war schwieriger, da es für sie logischer ist andersherum
","Nein, da ich mich schon sonst mit diesem Thema beschäftige und ich habe mir diese Fragen schon einige male gestellt"
83837483,2,text,22,4,3,5,3,alina.schaerer,W,2,1,1,1,1,1,3,1,1,4,1,3,2,1,1,5,5,4,4,4,3,2,2,3,2,2,1,1,4,1,2,2,3,5,2,4,2,5,1,5,1,4,3,5,2,2,2,5,2,1,1,1,1,2,2,1,1,1,2,1,2,1,1,1,2,NA,NA,NA,NA,NA,NA,NA,NA,NA,6,NA,6,NA,6,NA,NA,NA,NA,NA,NA,NA,NA,NA,NA,NA,NA,NA,NA,0.5838893122073716,NA,2 min 15 sec,"Nein, hat sich gefragt wieso jmd von London Geschichte erzählt","bei IAT: Wenn man bei pos. und menschengemacht drücken musste, war schwieriger, da es für sie logischer ist andersherum
","Nein, da ich mich schon sonst mit diesem Thema beschäftige und ich habe mir diese Fragen schon einige male gestellt"
81382077,1,text.bild,22,4,NA,4,3,alina.schaerer,M,2,1,4,1,4,3,1,2,1,4,3,4,5,4,4,2,2,5,5,5,5,1,1,5,4,1,1,5,5,4,5,4,5,4,4,5,2,2,5,5,4,2,1,4,1,2,4,5,2,2,1,1,1,2,1,1,1,1,2,2,2,2,2,1,2,NA,NA,NA,NA,NA,NA,NA,NA,NA,3,3,7,7,6,NA,NA,NA,NA,NA,NA,NA,NA,NA,NA,NA,NA,NA,NA,0.8418688289462838,NA,3 min 40 sec,"Hat es komisch gefunden, dass Erzähler in Zukunft sehen kann...
","noch bewusster für die Umwelt werden
Natur + pos. fiel mir einfach als Menschengemacht + pos.","bewusster Leben
"
81382077,2,text.bild,22,4,NA,4,3,alina.schaerer,M,4,1,1,1,4,1,1,1,1,3,3,4,5,4,4,2,2,5,5,2,5,1,1,5,1,1,1,2,5,4,2,4,5,4,4,2,1,5,5,5,4,4,1,4,1,5,4,5,2,1,2,1,2,2,1,1,1,2,1,1,1,2,2,1,2,NA,NA,NA,NA,NA,NA,NA,NA,NA,3,3,7,7,6,NA,NA,NA,NA,NA,NA,NA,NA,NA,NA,NA,NA,NA,NA,0.08066941220967663,NA,3 min 40 sec,"Hat es komisch gefunden, dass Erzähler in Zukunft sehen kann...
","noch bewusster für die Umwelt werden
Natur + pos. fiel mir einfach als Menschengemacht + pos.","bewusster Leben
"
95415813,1,video,22,4,4,4,2,alina.schaerer,M,3,2,1,3,4,1,2,2,3,2,2,3,5,3,1,5,4,4,5,5,5,1,1,5,1,2,3,4,5,2,4,4,5,3,4,2,4,5,5,5,1,5,4,1,3,4,4,2,2,1,1,1,1,1,1,1,2,1,2,1,2,2,1,2,2,5,1,7,1,6,6,4,4,6,5,4,5,3,5,1,4,6,1,1,1,2,1,4,2,6,3,2,1,-0.0035397369028398185,NA,NA,"gut zu sehen, aber habe Karikatur schon gekannt von Kipp-Postkarte des Aletschgletschers. Wäre cooler gewesen, wenn mit Zeit über Gletscher geflogen, durch Perspektivenwechsel geht z.T. unter wie stark er zurück geht - erst am Schluss klar ersichtlich","bewusst nicht, aber meint man soll seinen Handlungen bewusst sein
",siehe Frage 2: nicht bewusst
95415813,2,video,22,4,4,4,2,alina.schaerer,M,3,2,1,3,4,1,4,3,3,4,4,2,5,3,2,5,4,4,5,4,4,1,1,5,1,2,1,4,5,2,4,4,5,2,4,4,4,5,5,5,3,5,3,1,3,3,5,4,2,1,1,1,1,2,1,2,2,1,2,2,2,2,1,2,2,5,1,7,1,6,6,4,4,6,5,4,5,3,5,1,4,6,1,1,1,2,1,4,2,6,3,2,1,0.5225724065014347,NA,NA,"gut zu sehen, aber habe Karikatur schon gekannt von Kipp-Postkarte des Aletschgletschers. Wäre cooler gewesen, wenn mit Zeit über Gletscher geflogen, durch Perspektivenwechsel geht z.T. unter wie stark er zurück geht - erst am Schluss klar ersichtlich","bewusst nicht, aber meint man soll seinen Handlungen bewusst sein
",siehe Frage 2: nicht bewusst
23442862,1,text,20,4,5,4,3,alina.schaerer,W,2,1,2,1,1,1,1,1,1,4,3,2,4,1,2,2,4,2,2,2,4,2,4,3,2,4,4,2,2,1,4,4,1,4,2,3,2,4,4,4,1,4,2,4,2,4,1,4,2,2,1,2,2,2,2,1,1,1,1,2,2,2,2,2,2,NA,NA,NA,NA,NA,NA,NA,NA,NA,7,NA,6,NA,6,NA,NA,NA,NA,NA,NA,NA,NA,NA,NA,NA,NA,NA,NA,0.14774639137387258,NA,2 min 52 sec,krass wie durch exponentielle Zunahme der Temperatur der Gletscher immer mehr schmilzt,"solche Texte zeigen, was Menschheit alles angestellt hat, aber trotzdem machen wir immer noch zu wenig: Forschen und Reden reicht nicht, muss Handeln!","habe gemerkt, dass ich selbst auch noch mehr machen kann"
23442862,2,text,20,4,5,4,3,alina.schaerer,W,2,2,1,1,2,1,3,1,1,4,3,2,5,1,2,2,4,3,1,2,4,4,2,3,4,2,4,2,3,1,4,4,3,5,2,4,2,4,4,4,1,4,2,5,2,5,2,5,2,2,1,2,1,1,2,1,1,1,1,2,1,2,2,2,1,NA,NA,NA,NA,NA,NA,NA,NA,NA,7,NA,6,NA,6,NA,NA,NA,NA,NA,NA,NA,NA,NA,NA,NA,NA,NA,NA,0.5189906125646873,NA,2 min 52 sec,krass wie durch exponentielle Zunahme der Temperatur der Gletscher immer mehr schmilzt,"solche Texte zeigen, was Menschheit alles angestellt hat, aber trotzdem machen wir immer noch zu wenig: Forschen und Reden reicht nicht, muss Handeln!","habe gemerkt, dass ich selbst auch noch mehr machen kann"
30373053,1,text.bild,51,4,2,4,3,fabia.somalvico,M,1,1,1,1,2,1,1,1,1,1,1,1,4,1,1,3,4,2,5,4,4,2,1,5,1,1,1,3,4,1,3,5,4,5,2,3,4,4,5,4,2,4,1,4,1,5,3,4,2,1,2,1,2,1,1,2,1,1,1,2,2,2,1,2,2,NA,NA,NA,NA,NA,NA,NA,NA,NA,5,6,6,5,4,NA,NA,NA,NA,NA,NA,NA,NA,NA,NA,NA,NA,NA,NA,0.4229598450570815,NA,02:55,"war eher eine fiktive Geschichte, weil Tyndall die Zeitspanne von 200 Jahren behandelte. wurde personifiziert, weil er das erzählt hat, ist aber eine wissenschaftliche Ansicht, die er als real wahrnimmt.","zeigt eigene Inkonsequenz auf, z.b. beim Fleischessen. Eine andere ethische Einstellung als dann das tatsächliche Verhalten.","Alleine persönliche Konsequenzen ziehen ist schwierig, mit Unterstützung aber einfacher, sich ein Ziel zu setzen."
30373053,2,text.bild,51,4,2,4,3,fabia.somalvico,M,1,1,1,1,1,1,1,1,1,1,1,1,2,1,1,2,4,2,5,4,4,2,1,5,1,1,1,5,4,1,3,5,4,5,2,4,2,5,4,4,2,5,1,5,1,5,2,4,2,1,2,1,2,1,1,2,1,1,1,1,2,2,1,2,2,NA,NA,NA,NA,NA,NA,NA,NA,NA,5,6,6,5,4,NA,NA,NA,NA,NA,NA,NA,NA,NA,NA,NA,NA,NA,NA,0.18523575684105112,NA,02:55,"war eher eine fiktive Geschichte, weil Tyndall die Zeitspanne von 200 Jahren behandelte. wurde personifiziert, weil er das erzählt hat, ist aber eine wissenschaftliche Ansicht, die er als real wahrnimmt.","zeigt eigene Inkonsequenz auf, z.b. beim Fleischessen. Eine andere ethische Einstellung als dann das tatsächliche Verhalten.","Alleine persönliche Konsequenzen ziehen ist schwierig, mit Unterstützung aber einfacher, sich ein Ziel zu setzen."
17641718,1,video,28,6,1,4,3,fabia.somalvico,W,1,1,1,1,1,1,3,1,1,4,1,1,4,1,2,4,4,4,4,4,4,4,1,2,4,1,2,4,4,1,5,4,4,4,2,3,4,4,4,4,1,5,1,2,2,4,1,4,2,2,1,1,2,2,2,1,1,1,2,2,1,2,1,2,1,6,4,3,4,6,7,5,5,3,6,3,2,3,4,4,6,2,5,1,3,6,5,2,6,5,3,3,1,0.20549164643467752,NA,NA,"Akustik ist speziell aufgefallen, die hat ihr gefallen. Es hat sie an die Natur erinnert, als wäre man in der Natur.","Die Frage ""hast du auf Fehler geachtet"" hat sie irritiert. Sie hat die Frage in folgendem Sinne interpretiert: wie misstrauisch bist du dem gegenüber? Sie hat sich dann überlegt ob sie zu unkritisch sei, denn obwohl sie das Thema schon gut kennt, weiss sie nicht über die genauen Zahlen Bescheid, aber wieso sollten wir ihr denn ""Fake news"" servieren? Sie nimmt diesen Moment der Irritation bei der Frage mit.",macht gleich weiter wie bisher. War schon vorher sehr sensibilisiert beim Umweltschutz.
17641718,2,video,28,6,1,4,3,fabia.somalvico,W,1,1,1,1,1,1,4,1,1,2,1,1,4,1,2,2,5,2,5,4,2,4,1,5,4,1,2,4,4,1,5,4,2,2,2,4,4,2,4,5,1,5,1,2,4,2,2,5,2,2,1,1,2,2,2,1,1,1,2,2,1,1,1,2,2,6,4,3,4,6,7,5,5,3,6,3,2,3,4,4,6,2,5,1,3,6,5,2,6,5,3,3,1,-0.23735856106760508,NA,NA,"Akustik ist speziell aufgefallen, die hat ihr gefallen. Es hat sie an die Natur erinnert, als wäre man in der Natur.","Die Frage ""hast du auf Fehler geachtet"" hat sie irritiert. Sie hat die Frage in folgendem Sinne interpretiert: wie misstrauisch bist du dem gegenüber? Sie hat sich dann überlegt ob sie zu unkritisch sei, denn obwohl sie das Thema schon gut kennt, weiss sie nicht über die genauen Zahlen Bescheid, aber wieso sollten wir ihr denn ""Fake news"" servieren? Sie nimmt diesen Moment der Irritation bei der Frage mit.",macht gleich weiter wie bisher. War schon vorher sehr sensibilisiert beim Umweltschutz.
92590092,1,video,50,5,2,4,3,fabia.somalvico,W,1,2,1,1,1,1,1,1,1,4,2,1,4,2,1,4,4,5,5,5,5,1,1,5,4,1,3,5,5,1,3,4,5,2,1,4,4,4,3,5,3,5,1,3,1,4,3,4,2,2,2,2,2,2,1,2,2,1,1,2,2,2,2,2,2,3,1,7,1,1,6,1,1,7,4,3,1,4,2,5,2,1,4,4,4,3,1,6,2,6,4,4,2,0.29235245797053716,NA,NA,"war interessant, aber nichts Neues. Der Zeitraffer war extrem eindrücklich. Hätte gerne die Berge noch etwas länger angeschaut im Video.","in einigen Bereichen ist eigene Haltung ganz klar: z.b. Beziehung zur Natur. Bei anderen Fragen eher schwankend, weil sie nicht mehr wusste wie sie das letze mal geantwortet hatte. z.b .Bei der Frage ob den WIssenschaftlern geglaubt werden soll oder nicht. (die hatten ja immer wieder PRognosen gestellt, die dann nicht stimmten)",nein
92590092,2,video,50,5,2,4,3,fabia.somalvico,W,1,4,3,1,1,1,1,1,1,4,2,1,5,1,1,2,4,5,5,4,5,1,1,5,2,1,2,5,5,1,3,4,5,1,1,4,3,4,1,5,1,5,1,1,1,4,2,4,2,2,1,2,2,1,1,2,2,2,1,2,2,2,1,2,1,3,1,7,1,1,6,1,1,7,4,3,1,4,2,5,2,1,4,4,4,3,1,6,2,6,4,4,2,0.12188052402162218,NA,NA,"war interessant, aber nichts Neues. Der Zeitraffer war extrem eindrücklich. Hätte gerne die Berge noch etwas länger angeschaut im Video.","in einigen Bereichen ist eigene Haltung ganz klar: z.b. Beziehung zur Natur. Bei anderen Fragen eher schwankend, weil sie nicht mehr wusste wie sie das letze mal geantwortet hatte. z.b .Bei der Frage ob den WIssenschaftlern geglaubt werden soll oder nicht. (die hatten ja immer wieder PRognosen gestellt, die dann nicht stimmten)",nein
35935993,1,video,21,4,2,4,3,fabia.somalvico,M,1,1,1,1,1,1,1,1,1,1,1,1,1,2,1,4,2,5,4,2,5,3,4,4,1,1,4,4,3,1,5,2,2,1,1,5,1,5,5,5,1,4,1,4,1,5,1,5,2,1,1,2,2,2,1,2,1,2,1,2,1,2,1,2,1,7,5,6,2,6,7,1,4,5,7,2,6,5,7,6,4,1,5,5,6,5,3,3,6,2,5,3,2,0.7907888226718685,NA,-,-,Die nächsten hundert Jahre werden wahrscheinlich ungemütlich.,"zieht keine persönlichen Konsequenzen, weil die Konsequenzen bereits vor einiger Zeit gezogen wurden."
35935993,2,video,21,4,2,4,3,fabia.somalvico,M,1,1,1,1,1,1,1,1,1,1,1,1,2,2,1,4,4,4,2,5,4,4,2,5,1,1,2,4,4,1,5,3,4,5,1,5,1,5,4,4,1,2,1,5,1,5,2,5,2,1,1,2,1,1,1,2,2,1,1,2,2,2,1,2,1,7,5,6,2,6,7,1,4,5,7,2,6,5,7,6,4,1,5,5,6,5,3,3,6,2,5,3,2,0.11458885725081255,NA,-,-,Die nächsten hundert Jahre werden wahrscheinlich ungemütlich.,"zieht keine persönlichen Konsequenzen, weil die Konsequenzen bereits vor einiger Zeit gezogen wurden."
28220168,1,text.bild,21,4,2,4,3,fabia.somalvico,W,1,1,1,1,2,1,1,1,1,4,1,1,4,1,1,4,2,2,1,3,4,2,1,2,1,2,1,4,2,1,3,3,4,4,3,5,4,5,2,5,1,5,1,3,3,5,2,4,2,2,1,1,1,2,2,2,2,2,1,1,2,2,1,2,2,NA,NA,NA,NA,NA,NA,NA,NA,NA,6,5,5,6,6,NA,NA,NA,NA,NA,NA,NA,NA,NA,NA,NA,NA,NA,NA,0.07773439957497749,NA,02:58,"Geschichte war spannend, ist eindrücklich wie wenig Temperatur eine solch grosse Veränderung auslösen kann.",Dass man immer gut darauf schauen soll (ökologisches Verhalten),"Keine persönlichen Konsequenzen wegen diesem Text, Wissen war ja schon vorher da."
28220168,2,text.bild,21,4,2,4,3,fabia.somalvico,W,4,1,1,1,2,1,1,1,5,2,1,1,4,1,1,4,4,4,1,4,2,4,1,1,1,2,4,2,1,1,4,4,2,4,2,4,2,5,2,5,1,5,2,4,2,5,1,4,2,2,1,1,1,1,2,2,2,1,1,1,2,2,1,2,1,NA,NA,NA,NA,NA,NA,NA,NA,NA,6,5,5,6,6,NA,NA,NA,NA,NA,NA,NA,NA,NA,NA,NA,NA,NA,NA,-0.2993798741551493,NA,02:58,"Geschichte war spannend, ist eindrücklich wie wenig Temperatur eine solch grosse Veränderung auslösen kann.",Dass man immer gut darauf schauen soll (ökologisches Verhalten),"Keine persönlichen Konsequenzen wegen diesem Text, Wissen war ja schon vorher da."
86126625,1,text,52,3,2,4,3,fabia.somalvico,M,2,1,1,1,2,1,1,1,1,5,1,1,4,2,1,2,4,4,5,4,3,1,2,5,2,1,1,4,4,1,4,3,2,5,3,4,2,5,4,5,1,5,1,3,1,4,3,4,2,2,2,1,2,1,1,2,1,1,1,2,2,2,2,2,1,NA,NA,NA,NA,NA,NA,NA,NA,NA,6,NA,5,NA,5,NA,NA,NA,NA,NA,NA,NA,NA,NA,NA,NA,NA,NA,NA,0.3836391461518414,NA,03:50,"Lustig, weil er Tyndall schon gekannt hat. War anstrengend, weil er das Gefühl hatte, er müsste alles wissen und würde dann abgefragt werden. Aber sonst spannend.","Beim zweiten Mal Fragebogen fragt man sich, ob man das wohl gleich ausgefüllt hat beim ersten Mal.",Nein.
86126625,2,text,52,3,2,4,3,fabia.somalvico,M,2,1,1,1,2,1,2,1,1,2,1,2,4,3,1,4,3,5,5,4,2,1,2,4,2,1,1,3,4,1,4,2,3,4,4,4,3,4,3,5,1,5,1,3,1,4,2,5,2,2,2,1,2,1,1,2,1,1,1,2,2,2,1,2,1,NA,NA,NA,NA,NA,NA,NA,NA,NA,6,NA,5,NA,5,NA,NA,NA,NA,NA,NA,NA,NA,NA,NA,NA,NA,NA,NA,0.32523838755809814,NA,03:50,"Lustig, weil er Tyndall schon gekannt hat. War anstrengend, weil er das Gefühl hatte, er müsste alles wissen und würde dann abgefragt werden. Aber sonst spannend.","Beim zweiten Mal Fragebogen fragt man sich, ob man das wohl gleich ausgefüllt hat beim ersten Mal.",Nein.
58495240,1,text,23,5,1,5,3,fabia.somalvico,W,1,1,1,1,1,1,1,1,1,1,1,1,5,1,4,4,4,5,4,5,4,2,1,5,2,1,1,4,4,1,4,5,4,4,2,5,2,5,5,5,2,5,1,3,1,5,2,5,2,1,1,1,2,1,2,1,1,1,1,2,2,2,1,2,2,NA,NA,NA,NA,NA,NA,NA,NA,NA,6,NA,5,NA,6,NA,NA,NA,NA,NA,NA,NA,NA,NA,NA,NA,NA,NA,NA,0.9113826275870283,NA,03:04,"Spannende Geschichte, aber auch sehr anstrengend zu lesen, weil so viele. Zahlen/Fakten in so einem kurzen Text vorhanden sind. Standort Belalp ist speziell aufgefallen, weil ein persönlicher Bezug dazu da ist. Eindrücklich, dass 2070 sozusagen kein Gletscher mehr da ist.","Es ist wirklich ein schwerwiegendes Problem. Und es handelt sich nicht um 500 oder 1000 Jahren, in denen diese Folgen des Klimawandels eintreten, sondern es ist sehr akut und läuft sehr schnell ab.",Keine persönlichen Konsequenzen mehr als vor der Geschichte.
58495240,2,text,23,5,1,5,3,fabia.somalvico,W,1,1,1,1,1,1,1,1,1,2,2,1,5,1,1,5,5,5,4,5,5,1,1,5,2,1,1,5,4,1,5,5,5,4,1,5,2,5,4,5,3,5,1,4,1,5,2,5,2,1,1,1,2,1,1,2,1,2,1,1,2,2,1,2,1,NA,NA,NA,NA,NA,NA,NA,NA,NA,6,NA,5,NA,6,NA,NA,NA,NA,NA,NA,NA,NA,NA,NA,NA,NA,NA,NA,0.40107486898561573,NA,03:04,"Spannende Geschichte, aber auch sehr anstrengend zu lesen, weil so viele. Zahlen/Fakten in so einem kurzen Text vorhanden sind. Standort Belalp ist speziell aufgefallen, weil ein persönlicher Bezug dazu da ist. Eindrücklich, dass 2070 sozusagen kein Gletscher mehr da ist.","Es ist wirklich ein schwerwiegendes Problem. Und es handelt sich nicht um 500 oder 1000 Jahren, in denen diese Folgen des Klimawandels eintreten, sondern es ist sehr akut und läuft sehr schnell ab.",Keine persönlichen Konsequenzen mehr als vor der Geschichte.
53895456,1,text,20,4,1,4,3,fabia.somalvico,W,1,1,1,1,1,1,1,1,1,4,1,1,4,1,1,4,4,4,4,5,4,4,1,5,1,2,1,5,4,1,5,4,4,3,4,4,1,5,3,5,1,5,1,3,1,5,1,5,2,2,1,1,2,1,2,1,2,1,2,2,2,2,1,2,2,NA,NA,NA,NA,NA,NA,NA,NA,NA,6,NA,3,NA,3,NA,NA,NA,NA,NA,NA,NA,NA,NA,NA,NA,NA,NA,NA,0.5004059534923507,NA,02:54,"Spannend wie der Gletscher zurückging: beinahe  exponentiell, in den ersten hundert Jahren hat sich der Gletscher etwa halbiert und dann in den nächsten 50 Jahren wieder halbiert.","Wie schnell alles geht. Und dass Klimawandel wirklich sichtbar ist auch an Beispielen die uns nahe liegen, statt dass man einfach sagt ""in Afrika wird alles zur Wüste"" oder so. Es geht sehr viel schneller als erwartet.","Keine konkreten Konsequenzen nennbar. Aber Bewusstsein ist wieder etwas aufgefrischt. Man überlegt sich dann ""was mach ich, was die Erde nicht noch mehr erhitzt"" und heizt dann vielleicht weniger heiss."
53895456,2,text,20,4,1,4,3,fabia.somalvico,W,1,1,1,1,1,1,2,1,1,3,1,1,5,1,1,5,4,4,4,5,4,3,1,4,1,2,2,5,4,1,5,4,5,3,3,5,1,5,4,5,1,5,1,2,1,5,1,5,2,2,2,1,2,2,2,1,2,1,2,2,2,2,1,2,2,NA,NA,NA,NA,NA,NA,NA,NA,NA,6,NA,3,NA,3,NA,NA,NA,NA,NA,NA,NA,NA,NA,NA,NA,NA,NA,NA,1.092448787137684,NA,02:54,"Spannend wie der Gletscher zurückging: beinahe  exponentiell, in den ersten hundert Jahren hat sich der Gletscher etwa halbiert und dann in den nächsten 50 Jahren wieder halbiert.","Wie schnell alles geht. Und dass Klimawandel wirklich sichtbar ist auch an Beispielen die uns nahe liegen, statt dass man einfach sagt ""in Afrika wird alles zur Wüste"" oder so. Es geht sehr viel schneller als erwartet.","Keine konkreten Konsequenzen nennbar. Aber Bewusstsein ist wieder etwas aufgefrischt. Man überlegt sich dann ""was mach ich, was die Erde nicht noch mehr erhitzt"" und heizt dann vielleicht weniger heiss."
16676784,1,text,20,4,2,4,2,fabia.somalvico,W,1,1,1,1,1,1,1,1,1,1,1,1,3,2,1,3,2,4,3,2,2,4,1,5,2,1,2,2,2,1,5,3,2,3,4,3,2,4,2,3,1,5,1,4,2,5,2,5,2,1,1,1,2,2,2,1,1,2,1,2,1,2,1,2,2,NA,NA,NA,NA,NA,NA,NA,NA,NA,7,NA,6,NA,6,NA,NA,NA,NA,NA,NA,NA,NA,NA,NA,NA,NA,NA,NA,0.6040134528550374,interessiert an Ergebnissen,02:30,"Geschichte war spannend, Gletscherschmelzen ist aber schon bekannt. Geschichte wurde sehr distanziert und objektiv erzählt. Wäre spannend gewesen, mehr darüber zu erfahren, was der Mensch ""falsch"" macht.","Wenn man sich mit der Umwelt beschäftigt, merkt man wie wichtig es ist. Deshalb sollte man immer am Thema dranbleiben. Es hört nicht auf wenn man nichts macht.",Frage aus Fragebogen: OB man sich Gedanken über die Umwelt bei jeder Entscheidung macht. Da möchte sie noch besser drauf achten.
16676784,2,text,20,4,2,4,2,fabia.somalvico,W,1,1,1,1,1,1,1,1,1,1,1,1,2,2,1,2,2,2,2,4,2,4,1,5,2,2,3,2,2,1,5,3,2,4,4,3,2,5,4,3,1,5,1,5,1,5,1,5,2,1,1,1,2,2,2,1,1,2,1,1,2,2,1,2,2,NA,NA,NA,NA,NA,NA,NA,NA,NA,7,NA,6,NA,6,NA,NA,NA,NA,NA,NA,NA,NA,NA,NA,NA,NA,NA,NA,0.912341525751308,interessiert an Ergebnissen,02:30,"Geschichte war spannend, Gletscherschmelzen ist aber schon bekannt. Geschichte wurde sehr distanziert und objektiv erzählt. Wäre spannend gewesen, mehr darüber zu erfahren, was der Mensch ""falsch"" macht.","Wenn man sich mit der Umwelt beschäftigt, merkt man wie wichtig es ist. Deshalb sollte man immer am Thema dranbleiben. Es hört nicht auf wenn man nichts macht.",Frage aus Fragebogen: OB man sich Gedanken über die Umwelt bei jeder Entscheidung macht. Da möchte sie noch besser drauf achten.
71230413,1,video,21,4,2,4,2,fabia.somalvico,W,2,1,1,1,1,1,2,1,1,2,1,2,4,1,2,2,4,2,1,4,4,4,2,3,4,2,4,4,2,1,4,4,2,4,4,4,1,4,2,5,1,4,2,2,1,5,2,4,2,2,1,1,1,1,1,2,2,2,1,2,2,2,1,2,2,7,2,2,5,2,3,3,2,2,7,6,6,5,6,2,4,6,1,2,5,5,5,2,6,3,3,5,1,0.11556957880574581,NA,-,Sehr eindrücklich wie der Gletscher weggeht und wie am Schluss nur noch Wasser ist.,Vielleicht manchmal etwas bewusster zu leben.,"Nein, weil sie das Gefühl hat, sie macht schon viel."
71230413,2,video,21,4,2,4,2,fabia.somalvico,W,1,1,1,1,1,1,2,1,1,1,1,1,4,1,2,4,4,2,1,4,2,4,4,2,4,2,2,2,4,1,5,4,2,5,2,4,1,4,2,5,1,4,1,5,1,5,2,5,2,2,1,1,1,2,1,2,1,2,1,2,2,2,1,2,2,7,2,2,5,2,3,3,2,2,7,6,6,5,6,2,4,6,1,2,5,5,5,2,6,3,3,5,1,0.27930607903102384,NA,-,Sehr eindrücklich wie der Gletscher weggeht und wie am Schluss nur noch Wasser ist.,Vielleicht manchmal etwas bewusster zu leben.,"Nein, weil sie das Gefühl hat, sie macht schon viel."
56311000,1,video,29,5,2,4,3,fabia.somalvico,M,1,1,1,1,1,1,1,1,1,2,1,1,5,1,1,4,4,5,5,5,4,2,2,5,2,2,2,4,5,1,3,3,4,3,4,4,2,4,4,4,1,5,1,4,3,4,3,4,2,2,1,NA,2,1,1,1,2,1,2,2,1,2,1,1,NA,6,5,2,5,1,1,1,5,2,6,5,5,5,5,5,2,6,6,1,6,7,5,1,7,5,3,3,2,0.17872486774622365,Video ohne Kopfhörer geschaut,-,"wusste schon, dass es das als VR Projekt gibt beim ALetschgletscher. Spannend aber auch erwartbar.","In Bezug auf Fragebogen: hatte das Gefühl, dass er extremer geantwortet hat als beim ersten Mal",Nein.
56311000,2,video,29,5,2,4,3,fabia.somalvico,M,1,1,1,1,1,1,1,1,1,2,1,1,4,1,1,4,4,5,5,5,4,1,4,5,2,2,1,4,5,1,5,3,5,4,4,5,2,5,4,5,1,5,1,4,2,5,2,5,2,1,1,1,2,1,1,1,2,1,2,1,1,2,1,1,1,6,5,2,5,1,1,1,5,2,6,5,5,5,5,5,2,6,6,1,6,7,5,1,7,5,3,3,2,-0.30338221290184375,Video ohne Kopfhörer geschaut,-,"wusste schon, dass es das als VR Projekt gibt beim ALetschgletscher. Spannend aber auch erwartbar.","In Bezug auf Fragebogen: hatte das Gefühl, dass er extremer geantwortet hat als beim ersten Mal",Nein.
45719919,1,text.bild,29,4,2,4,3,fabia.somalvico,W,4,1,1,1,1,1,1,1,1,2,1,4,4,4,1,4,4,5,4,4,2,2,4,5,4,1,2,4,4,1,4,2,2,4,2,4,2,5,4,4,1,2,2,2,1,2,1,4,2,2,1,1,2,2,1,2,1,1,1,1,2,2,1,2,1,NA,NA,NA,NA,NA,NA,NA,NA,NA,6,7,7,6,6,NA,NA,NA,NA,NA,NA,NA,NA,NA,NA,NA,NA,NA,NA,-0.11109545302388633,NA,03:22,"Die Bilder im Text waren gut, weil sie gut illlustrieren, auch gut Perspektive auf Vergangenheit, Gegenwart und Zukunft. Was ein bisschen gefehlt hat war eine Antwort auf die Frage: wieso genau sind die Temperaturen so gestiegen?  und welche Auswirkungen hat das, neben dem Gletscherschmelzen","Es kann die Meinung beeinflussen, was für einen Text man vor dem Ausfüllen des Fragebogens gelesen hat.","Ist ein Thema, worüber sie sich schon vorher Gedanken gemacht hat, deshalb nein."
45719919,2,text.bild,29,4,2,4,3,fabia.somalvico,W,2,1,1,1,1,1,2,1,1,4,1,2,4,2,2,2,4,5,4,4,4,2,2,5,2,1,2,4,4,1,3,2,2,4,2,4,4,5,4,2,2,4,1,1,1,2,1,5,2,2,1,1,2,2,2,1,2,1,1,2,1,2,1,2,1,NA,NA,NA,NA,NA,NA,NA,NA,NA,6,7,7,6,6,NA,NA,NA,NA,NA,NA,NA,NA,NA,NA,NA,NA,NA,NA,-0.11565642060099099,NA,03:22,"Die Bilder im Text waren gut, weil sie gut illlustrieren, auch gut Perspektive auf Vergangenheit, Gegenwart und Zukunft. Was ein bisschen gefehlt hat war eine Antwort auf die Frage: wieso genau sind die Temperaturen so gestiegen?  und welche Auswirkungen hat das, neben dem Gletscherschmelzen","Es kann die Meinung beeinflussen, was für einen Text man vor dem Ausfüllen des Fragebogens gelesen hat.","Ist ein Thema, worüber sie sich schon vorher Gedanken gemacht hat, deshalb nein."
35264375,1,text.bild,32,4,2,4,3,fabia.somalvico,M,2,1,1,2,2,2,1,1,1,2,2,1,3,2,2,2,3,4,2,3,3,4,2,3,2,3,2,4,2,1,4,3,3,5,1,4,2,5,4,4,1,5,2,4,1,3,1,4,2,2,1,1,2,2,2,1,2,1,1,2,1,2,2,1,2,NA,NA,NA,NA,NA,NA,NA,NA,NA,6,6,7,6,6,NA,NA,NA,NA,NA,NA,NA,NA,NA,NA,NA,NA,NA,NA,0.9892861878153687,NA,02:27,"Der Reiseleiter ist aufgefallen, Geschichte hat ihm gut gefallen, war informativ und Bilder waren spannend um den Rückgang zu sehen.","schon beim ersten Fragebogen sind ihm schon kurz danach einige Fragen durch den Kopf gegangen, wie eigentlich sein Verhalten der Umwelt gegenüber ist.","Er weiss es noch nicht, hat ihn aber sicher zum nachdenken gebracht."
35264375,2,text.bild,32,4,2,4,3,fabia.somalvico,M,2,2,2,2,1,2,2,1,2,2,2,1,3,2,1,2,3,4,2,4,3,4,1,4,1,2,2,3,3,1,4,3,3,4,2,4,2,4,2,4,3,5,1,4,1,3,2,4,2,2,1,1,1,2,2,2,1,1,1,2,1,2,2,1,1,NA,NA,NA,NA,NA,NA,NA,NA,NA,6,6,7,6,6,NA,NA,NA,NA,NA,NA,NA,NA,NA,NA,NA,NA,NA,NA,0.6338777124304837,NA,02:27,"Der Reiseleiter ist aufgefallen, Geschichte hat ihm gut gefallen, war informativ und Bilder waren spannend um den Rückgang zu sehen.","schon beim ersten Fragebogen sind ihm schon kurz danach einige Fragen durch den Kopf gegangen, wie eigentlich sein Verhalten der Umwelt gegenüber ist.","Er weiss es noch nicht, hat ihn aber sicher zum nachdenken gebracht."
40744014,1,text,25,5,2,4,3,fabia.somalvico,W,1,1,1,1,1,1,1,1,1,1,1,1,2,1,2,4,5,4,4,5,2,4,1,4,2,2,1,4,4,2,4,4,2,2,2,4,4,5,4,5,2,5,1,1,1,3,3,4,2,1,2,1,2,2,1,2,2,2,2,2,2,2,2,1,1,NA,NA,NA,NA,NA,NA,NA,NA,NA,4,NA,6,NA,4,NA,NA,NA,NA,NA,NA,NA,NA,NA,NA,NA,NA,NA,NA,0.684824304049261,NA,01:26,"Geschichte war ein bisschen wie eine Schulgeschichte, die belehrend sein will. Ich hat Zeitübergreifende Sachen gemacht, ist aus der Vergangenheit und weiss trotzdem alles, ein bisschen nervig besserwisserisch... Infos waren nicht neu",rechte Hand schein schneller zu sein als linke (beim IAT). Natürlich und positiv lassen sich einfacher assoziieren als natürlich und negativ.,"Probiert es so gut wie bis jetzt zu machen und vielleicht sogar noch ein bisschen besser.  Will sich mehr mit der Frage auseinandersetzen, wie wichtig Natur für sie ist/wieviel der Spiritualität das ausmacht (Frage im Fragebogen). Diese Frage fand sie sehr spannend."
40744014,2,text,25,5,2,4,3,fabia.somalvico,W,1,1,1,2,1,1,2,1,5,2,1,1,4,1,2,4,4,4,5,5,4,2,2,5,4,2,1,4,5,2,3,4,4,2,2,4,4,5,4,5,3,5,1,1,1,2,4,4,2,1,1,1,2,2,2,2,2,1,2,2,2,2,2,1,1,NA,NA,NA,NA,NA,NA,NA,NA,NA,4,NA,6,NA,4,NA,NA,NA,NA,NA,NA,NA,NA,NA,NA,NA,NA,NA,NA,0.2604939215721612,NA,01:26,"Geschichte war ein bisschen wie eine Schulgeschichte, die belehrend sein will. Ich hat Zeitübergreifende Sachen gemacht, ist aus der Vergangenheit und weiss trotzdem alles, ein bisschen nervig besserwisserisch... Infos waren nicht neu",rechte Hand schein schneller zu sein als linke (beim IAT). Natürlich und positiv lassen sich einfacher assoziieren als natürlich und negativ.,"Probiert es so gut wie bis jetzt zu machen und vielleicht sogar noch ein bisschen besser.  Will sich mehr mit der Frage auseinandersetzen, wie wichtig Natur für sie ist/wieviel der Spiritualität das ausmacht (Frage im Fragebogen). Diese Frage fand sie sehr spannend."
67236848,1,text.bild,21,4,3,4,2,fabia.somalvico,W,1,1,2,1,1,1,2,1,1,2,1,1,4,2,1,4,4,1,3,4,3,2,1,5,1,1,1,3,4,1,3,5,4,5,2,4,4,5,3,5,2,5,1,2,1,4,2,4,2,2,1,1,2,1,1,1,1,1,2,1,2,2,1,2,2,NA,NA,NA,NA,NA,NA,NA,NA,NA,5,6,6,6,5,NA,NA,NA,NA,NA,NA,NA,NA,NA,NA,NA,NA,NA,NA,0.07113104393041532,NA,03:15,"Hat schon gewusst, dass Gletscher schmelzen, fand es gut, dass jemand das erzählt und dass Zukunftsprognosen gestellt worden.",-,Versucht schon jetzt recht viel zu machen. Nach Text aber nicht noch mehr konkretes.
67236848,2,text.bild,21,4,3,4,2,fabia.somalvico,W,1,1,2,1,2,1,2,1,1,4,1,1,3,2,1,4,4,2,2,4,3,2,1,4,4,2,1,3,4,1,4,5,4,5,2,5,3,5,4,5,2,5,1,4,1,4,2,5,2,2,1,1,2,1,2,1,1,1,2,1,2,2,1,2,2,NA,NA,NA,NA,NA,NA,NA,NA,NA,5,6,6,6,5,NA,NA,NA,NA,NA,NA,NA,NA,NA,NA,NA,NA,NA,NA,0.4585198799322157,NA,03:15,"Hat schon gewusst, dass Gletscher schmelzen, fand es gut, dass jemand das erzählt und dass Zukunftsprognosen gestellt worden.",-,Versucht schon jetzt recht viel zu machen. Nach Text aber nicht noch mehr konkretes.
99362615,1,text,23,4,1,4,2,julia.wyss,W,2,1,1,1,1,1,2,1,1,1,1,4,5,1,1,5,4,5,5,5,4,1,1,5,4,1,1,4,5,1,3,4,5,5,1,5,1,5,4,5,2,4,2,4,1,3,1,5,2,1,2,1,1,2,1,1,1,2,1,2,1,2,1,1,1,NA,NA,NA,NA,NA,NA,NA,NA,NA,6,NA,6,NA,6,NA,NA,NA,NA,NA,NA,NA,NA,NA,NA,NA,NA,NA,NA,0.6113521751102352,"
",02:52,"Reminder, wie schlimm der Zustand ist, in dem wir uns befinden.
","dass man immer noch etwas mehr dafür machen kann.
","nicht aufgrund des Textes. Weist einfach wieder darauf hin.
"
99362615,2,text,23,4,1,4,2,julia.wyss,W,2,1,1,1,2,1,4,1,1,1,1,2,5,1,1,4,4,5,5,5,4,1,1,5,2,1,1,5,5,1,5,4,5,5,1,5,2,5,5,5,2,2,4,1,1,2,2,5,2,1,2,1,1,2,2,1,1,1,1,2,1,1,1,1,2,NA,NA,NA,NA,NA,NA,NA,NA,NA,6,NA,6,NA,6,NA,NA,NA,NA,NA,NA,NA,NA,NA,NA,NA,NA,NA,NA,0.3278125439352225,"
",02:52,"Reminder, wie schlimm der Zustand ist, in dem wir uns befinden.
","dass man immer noch etwas mehr dafür machen kann.
","nicht aufgrund des Textes. Weist einfach wieder darauf hin.
"
23701231,1,text.bild,21,4,1,4,3,julia.wyss,M,1,1,1,1,2,1,3,1,1,1,1,1,4,1,3,3,4,2,1,4,4,3,1,4,1,1,3,3,3,1,4,3,4,4,4,4,3,5,3,5,1,5,1,4,2,4,1,4,2,1,1,1,1,2,2,1,2,1,2,1,1,1,1,2,2,NA,NA,NA,NA,NA,NA,NA,NA,NA,7,6,6,7,7,NA,NA,NA,NA,NA,NA,NA,NA,NA,NA,NA,NA,NA,NA,0.41271574244907616,NA,03:10,"Text war einfach und leicht zu verstehen
","Klimawandel stellt ein grosses Problem dar, was der Person allerdings schon klar war.",Nicht aufgrund des Experiments
23701231,2,text.bild,21,4,1,4,3,julia.wyss,M,1,1,1,1,1,1,2,1,1,2,1,1,2,1,2,3,5,3,1,5,4,3,2,4,2,3,3,2,3,1,5,4,3,5,3,4,2,5,3,5,1,5,1,5,1,4,2,5,2,2,1,1,1,2,1,1,2,2,1,2,1,1,1,2,2,NA,NA,NA,NA,NA,NA,NA,NA,NA,7,6,6,7,7,NA,NA,NA,NA,NA,NA,NA,NA,NA,NA,NA,NA,NA,NA,0.32779264751368703,NA,03:10,"Text war einfach und leicht zu verstehen
","Klimawandel stellt ein grosses Problem dar, was der Person allerdings schon klar war.",Nicht aufgrund des Experiments
40411851,1,video,31,6,2,4,2,julia.wyss,M,1,1,1,1,1,1,1,1,1,1,1,1,5,1,1,3,5,5,4,5,5,1,1,5,1,1,4,4,5,1,5,3,4,5,3,3,4,5,5,5,1,5,1,3,1,3,2,5,2,1,1,1,1,2,1,1,1,1,1,2,1,1,1,1,2,5,1,5,3,5,4,5,4,3,6,2,2,2,3,1,1,7,7,1,3,3,1,5,4,7,1,1,1,0.5906140749818649,NA,-,"fand Video eher unangenehm, irritierend, veraltet, unnatürlich, aber aufgrund vom Video selbst und nicht wegen des Inhalts.","wusste nicht, ob Fakten stimmen und war sich nicht sicher, ob er das Video hinterfragt hat. Verdoppelung vom Rückgang hat er nicht gewusst.
",Nein.
40411851,2,video,31,6,2,4,2,julia.wyss,M,1,1,1,1,1,1,1,1,1,1,1,1,5,1,1,3,4,5,5,4,5,1,1,5,2,1,1,5,3,1,5,4,3,5,1,4,3,5,5,5,1,5,1,2,1,5,2,5,2,1,1,1,1,2,2,1,1,1,1,1,1,1,1,1,1,5,1,5,3,5,4,5,4,3,6,2,2,2,3,1,1,7,7,1,3,3,1,5,4,7,1,1,1,0.39528214284546476,NA,-,"fand Video eher unangenehm, irritierend, veraltet, unnatürlich, aber aufgrund vom Video selbst und nicht wegen des Inhalts.","wusste nicht, ob Fakten stimmen und war sich nicht sicher, ob er das Video hinterfragt hat. Verdoppelung vom Rückgang hat er nicht gewusst.
",Nein.
43610443,1,text.bild,21,4,3,4,2,julia.wyss,W,2,2,2,2,2,2,1,2,4,2,2,2,4,2,2,4,4,4,5,4,5,1,1,5,2,5,1,4,4,1,2,5,5,4,2,4,2,4,4,5,2,4,2,2,1,4,2,4,2,2,2,1,1,1,2,2,1,2,1,2,2,2,1,2,1,NA,NA,NA,NA,NA,NA,NA,NA,NA,6,6,6,6,5,NA,NA,NA,NA,NA,NA,NA,NA,NA,NA,NA,NA,NA,NA,0.3312837876162582,NA,02:40,"fand es spannend, allerdings wusste sie schon sehr viel darüber. Vor allem der Kontrast zwischen den Bildern machte es eindrücklich.","dass sie noch mehr auf das Verhalten achten sollte. Es war eine Auffrischung und Erinnerung daran, wie wichtig das Thema ist.
",Ja. Noch konsequenter zu handeln. (Frage 2)
43610443,2,text.bild,21,4,3,4,2,julia.wyss,W,2,1,1,1,2,2,2,1,1,2,2,4,3,2,2,4,4,4,5,4,4,2,2,5,2,1,1,4,4,1,4,5,4,4,2,4,1,4,2,5,4,5,2,3,1,2,1,4,2,2,2,1,2,1,1,2,1,2,1,2,2,2,1,2,1,NA,NA,NA,NA,NA,NA,NA,NA,NA,6,6,6,6,5,NA,NA,NA,NA,NA,NA,NA,NA,NA,NA,NA,NA,NA,NA,0.5092979626620495,NA,02:40,"fand es spannend, allerdings wusste sie schon sehr viel darüber. Vor allem der Kontrast zwischen den Bildern machte es eindrücklich.","dass sie noch mehr auf das Verhalten achten sollte. Es war eine Auffrischung und Erinnerung daran, wie wichtig das Thema ist.
",Ja. Noch konsequenter zu handeln. (Frage 2)
16037257,1,text.bild,21,4,2,4,3,julia.wyss,M,1,2,1,1,1,1,1,1,1,2,1,1,5,1,2,4,2,5,4,4,5,1,2,4,1,2,4,5,4,1,5,2,3,5,4,5,4,5,5,4,5,4,1,2,1,4,2,4,2,2,1,1,1,2,1,1,2,2,2,2,2,2,1,2,2,NA,NA,NA,NA,NA,NA,NA,NA,NA,5,5,7,5,5,NA,NA,NA,NA,NA,NA,NA,NA,NA,NA,NA,NA,NA,NA,0.6497474290079965,NA,02:28,"Einfacher Text. Nichts Erstaunliches. Wusste nicht, ob Fakten stimmen.",Nichts Neues.,"es hat sich nichts an der Einstellung geändert durch den Text.
"
16037257,2,text.bild,21,4,2,4,3,julia.wyss,M,1,1,1,1,1,1,1,1,1,1,1,1,5,1,2,3,3,4,5,4,5,1,2,4,1,2,4,5,4,1,5,2,2,4,4,5,4,5,5,4,4,4,1,4,1,4,2,5,2,2,2,1,1,2,1,1,2,1,2,2,2,2,1,2,2,NA,NA,NA,NA,NA,NA,NA,NA,NA,5,5,7,5,5,NA,NA,NA,NA,NA,NA,NA,NA,NA,NA,NA,NA,NA,NA,0.7022772788186755,NA,02:28,"Einfacher Text. Nichts Erstaunliches. Wusste nicht, ob Fakten stimmen.",Nichts Neues.,"es hat sich nichts an der Einstellung geändert durch den Text.
"
76350424,1,text,21,4,2,5,2,julia.wyss,W,1,1,1,1,1,1,1,1,5,1,1,1,2,1,1,2,4,3,3,5,2,2,1,5,3,1,1,4,4,2,5,4,4,4,4,4,2,5,4,5,4,5,1,1,1,2,1,5,2,1,2,1,2,1,2,2,1,1,1,1,2,2,2,2,2,NA,NA,NA,NA,NA,NA,NA,NA,NA,5,NA,6,NA,6,NA,NA,NA,NA,NA,NA,NA,NA,NA,NA,NA,NA,NA,NA,0.3190940589548366,"Fragen z.T. schwierig - Nicht präzise genug. Fragen häufig zweiteilig, darum schwierig.",02:30,"Direkte Anrede, Biographie von John Tyndall im Vordergrund","IAT war anstrengend. Positiv und Natürlich liess sich viel besser verbinden. Gletscher extrem dick (800m), wenn der weggeschmolzen ist, wird sehr viel Wasser entstehen.","Ist schon sehr sensibilisiert darauf, nicht viel Neues. Gletscher extrem dick (800m), wenn der weggeschmolzen ist, wird sehr viel Wasser entstehen."
76350424,2,text,21,4,2,5,2,julia.wyss,W,1,1,1,1,1,1,1,1,1,1,1,1,4,5,1,3,4,3,3,5,2,2,2,5,3,1,1,2,2,2,5,4,1,4,2,5,3,5,5,5,4,5,1,2,1,1,1,5,2,2,2,1,2,1,1,2,1,1,1,2,2,2,2,2,1,NA,NA,NA,NA,NA,NA,NA,NA,NA,5,NA,6,NA,6,NA,NA,NA,NA,NA,NA,NA,NA,NA,NA,NA,NA,NA,NA,0.013052772616369281,"Fragen z.T. schwierig - Nicht präzise genug. Fragen häufig zweiteilig, darum schwierig.",02:30,"Direkte Anrede, Biographie von John Tyndall im Vordergrund","IAT war anstrengend. Positiv und Natürlich liess sich viel besser verbinden. Gletscher extrem dick (800m), wenn der weggeschmolzen ist, wird sehr viel Wasser entstehen.","Ist schon sehr sensibilisiert darauf, nicht viel Neues. Gletscher extrem dick (800m), wenn der weggeschmolzen ist, wird sehr viel Wasser entstehen."
23703486,1,video,21,4,1,4,2,julia.wyss,M,1,1,1,1,1,1,1,1,1,1,1,1,4,1,2,3,4,3,3,4,4,2,1,4,4,1,3,4,4,1,5,4,3,4,2,4,1,5,4,4,1,5,1,5,1,5,2,5,2,1,1,1,1,2,1,2,1,1,2,2,2,2,1,2,2,7,1,7,1,1,1,2,1,7,6,4,6,6,6,3,6,4,5,5,5,3,2,6,4,3,6,4,3,0.6380083495563185,NA,-,mit heutigen Möglichkeiten hätten man Video graphisch realistischer darstellen können. Inhalt qualitativ sehr hochwertig.,"Gletscherschmelze war schon bewusst, Video hat es verstärkt. 
","Jein. Inhalt schon bewusst. Solche Beispiele prägen Handlungen. Vor allem kurzfristig wird es etwas machen, längerfristig geht er schon jetzt bewusst mit solchen Dingen um."
23703486,2,video,21,4,1,4,2,julia.wyss,M,1,1,1,1,1,1,1,1,1,1,1,1,5,1,1,3,4,3,3,4,4,2,2,5,2,1,2,4,4,1,5,4,3,4,2,4,2,5,4,4,1,4,1,3,1,5,4,5,2,1,1,2,2,2,1,2,1,1,2,1,1,2,1,2,2,7,1,7,1,1,1,2,1,7,6,4,6,6,6,3,6,4,5,5,5,3,2,6,4,3,6,4,3,0.12478030682126277,NA,-,mit heutigen Möglichkeiten hätten man Video graphisch realistischer darstellen können. Inhalt qualitativ sehr hochwertig.,"Gletscherschmelze war schon bewusst, Video hat es verstärkt. 
","Jein. Inhalt schon bewusst. Solche Beispiele prägen Handlungen. Vor allem kurzfristig wird es etwas machen, längerfristig geht er schon jetzt bewusst mit solchen Dingen um."
07723259,1,text,22,4,2,5,1,julia.wyss,M,1,1,1,1,1,1,1,1,1,1,1,1,4,5,2,4,4,3,3,5,3,1,1,5,3,1,4,3,5,1,4,3,5,5,4,4,1,5,4,5,1,5,1,1,3,5,3,5,2,1,1,1,2,1,1,1,1,1,1,2,2,2,2,2,1,NA,NA,NA,NA,NA,NA,NA,NA,NA,5,NA,6,NA,6,NA,NA,NA,NA,NA,NA,NA,NA,NA,NA,NA,NA,NA,NA,0.07960278440035656,-,02:10,"Text aus Perspektive eines verstorbenen Physikers als Mittel - gute Idee.
","viele Dinge, die er schon gewusst hat.",nicht wirklich.
07723259,2,text,22,4,2,5,1,julia.wyss,M,1,1,1,1,1,1,1,1,1,1,1,1,2,4,2,4,4,2,5,5,4,2,1,5,2,2,3,4,4,1,4,2,5,5,4,4,2,5,2,2,1,5,1,1,2,5,4,5,2,2,1,1,2,1,2,1,1,1,1,2,2,2,2,2,1,NA,NA,NA,NA,NA,NA,NA,NA,NA,5,NA,6,NA,6,NA,NA,NA,NA,NA,NA,NA,NA,NA,NA,NA,NA,NA,NA,-0.7557289040217481,-,02:10,"Text aus Perspektive eines verstorbenen Physikers als Mittel - gute Idee.
","viele Dinge, die er schon gewusst hat.",nicht wirklich.
40197707,1,video,30,5,2,5,3,julia.wyss,M,2,1,1,1,1,1,2,1,1,1,1,1,4,2,1,3,4,3,4,4,4,2,3,5,4,2,2,4,4,3,3,4,3,3,3,3,4,5,4,5,1,4,1,2,3,4,4,5,2,1,1,1,1,1,1,1,1,1,1,1,1,2,1,1,1,5,5,5,5,5,2,4,5,6,4,7,6,3,6,3,2,4,2,3,5,5,1,5,5,5,3,3,2,0.6182666848894541,NA,-,"Stimmte war angenehm. Ziemlich klar, was erwartet wurde. Emotional nicht erschütternd. Angenehm empfunden in der virtuellen Welt.","kritischer Blick wurde noch mehr geschärft, weil gewisse Fragen nicht so beantwortet werden konnte, wie er es wollte. Fragen wurden evoziert.",Nein.
40197707,2,video,30,5,2,5,3,julia.wyss,M,1,1,1,1,2,2,2,1,1,1,1,1,4,2,1,4,4,4,4,4,5,2,2,4,4,2,1,5,4,2,3,4,4,4,3,4,5,5,5,5,4,4,1,4,3,4,4,4,2,1,1,1,1,2,1,1,1,1,1,2,2,2,1,2,1,5,5,5,5,5,2,4,5,6,4,7,6,3,6,3,2,4,2,3,5,5,1,5,5,5,3,3,2,0.07279779445012247,NA,-,"Stimmte war angenehm. Ziemlich klar, was erwartet wurde. Emotional nicht erschütternd. Angenehm empfunden in der virtuellen Welt.","kritischer Blick wurde noch mehr geschärft, weil gewisse Fragen nicht so beantwortet werden konnte, wie er es wollte. Fragen wurden evoziert.",Nein.
32545748,1,text,56,5,2,3,3,julia.wyss,M,4,1,1,1,1,1,1,1,1,4,1,1,5,2,2,4,5,4,4,5,4,1,2,4,1,1,4,4,5,1,5,4,4,2,4,5,2,5,5,4,2,5,1,4,3,4,4,4,2,2,1,1,2,1,1,1,1,1,1,2,2,2,1,2,2,NA,NA,NA,NA,NA,NA,NA,NA,NA,6,NA,2,NA,2,NA,NA,NA,NA,NA,NA,NA,NA,NA,NA,NA,NA,NA,NA,1.0733252634896666,NA,03:50,"Geschichte hat Fakten zusammengetragen, die ML schon gewusst hat, allerdings nicht in konkreten Daten. Beobachtung vom Aletschgletscher kennt er auch. Guter Ansatz mit John Tyndall.
","ist schon sehr sensibilisiert auf Klimafragen. Nimmt mit, dass es genau so schlimm ist, wie er befürchtet hat.
",Nein. ist schon durch Medien und Interesse sehr konfrontiert mit diesem Thema.
32545748,2,text,56,5,2,3,3,julia.wyss,M,4,1,1,1,1,1,1,1,1,2,1,1,5,4,2,4,5,4,5,5,5,1,2,4,2,1,4,4,5,1,5,4,4,2,4,5,2,5,5,5,2,5,1,4,2,4,2,5,2,1,1,1,1,2,1,1,1,1,1,2,1,2,1,2,2,NA,NA,NA,NA,NA,NA,NA,NA,NA,6,NA,2,NA,2,NA,NA,NA,NA,NA,NA,NA,NA,NA,NA,NA,NA,NA,NA,0.11116974787444481,NA,03:50,"Geschichte hat Fakten zusammengetragen, die ML schon gewusst hat, allerdings nicht in konkreten Daten. Beobachtung vom Aletschgletscher kennt er auch. Guter Ansatz mit John Tyndall.
","ist schon sehr sensibilisiert auf Klimafragen. Nimmt mit, dass es genau so schlimm ist, wie er befürchtet hat.
",Nein. ist schon durch Medien und Interesse sehr konfrontiert mit diesem Thema.
05758742,1,video,25,4,2,3,2,julia.wyss,W,1,2,1,1,1,1,1,1,1,1,1,1,5,3,1,4,4,5,5,4,4,1,1,5,2,1,1,5,5,2,5,4,3,4,2,3,3,4,5,5,3,5,1,1,2,2,3,5,2,2,2,1,2,2,2,2,2,1,2,1,1,1,1,1,1,3,2,6,4,6,4,5,3,6,5,2,2,2,4,3,6,4,3,2,4,3,3,5,2,7,1,3,3,0.8252790200999045,"fand die Skalen des Fragebogens eher hinderlich für der Entscheidungsfindung
",-,"virtuell nicht ansprechend. spannend und eindrücklich, wie der Gletscher zurückgegangen ist,  aber das Video war nicht berührend.","weiss nicht, was gemessen wurde. Die Frage, was genau natürlich ist.","Nein. Nicht aufgrund des Videos. Es sind alles Sachen, mit welchen sie schon konfrontiert wird.
"
05758742,2,video,25,4,2,3,2,julia.wyss,W,2,1,1,1,1,1,1,1,1,1,1,2,5,2,1,4,4,5,5,4,4,2,4,5,2,1,2,5,5,1,4,4,4,5,2,4,4,4,4,4,4,5,1,4,1,2,4,5,2,1,2,1,NA,2,2,1,1,1,2,2,1,1,2,2,2,3,2,6,4,6,4,5,3,6,5,2,2,2,4,3,6,4,3,2,4,3,3,5,2,7,1,3,3,0.8774143245008197,"fand die Skalen des Fragebogens eher hinderlich für der Entscheidungsfindung
",-,"virtuell nicht ansprechend. spannend und eindrücklich, wie der Gletscher zurückgegangen ist,  aber das Video war nicht berührend.","weiss nicht, was gemessen wurde. Die Frage, was genau natürlich ist.","Nein. Nicht aufgrund des Videos. Es sind alles Sachen, mit welchen sie schon konfrontiert wird.
"
27927496,1,text.bild,22,5,2,5,3,julia.wyss,W,1,1,1,1,1,1,1,1,1,4,1,1,4,1,1,1,2,4,4,4,2,2,1,2,4,3,4,4,4,1,4,2,2,5,2,5,2,5,4,5,2,5,1,5,1,4,2,5,2,1,2,2,1,1,2,1,1,1,1,1,1,2,1,1,1,NA,NA,NA,NA,NA,NA,NA,NA,NA,6,5,5,6,6,NA,NA,NA,NA,NA,NA,NA,NA,NA,NA,NA,NA,NA,NA,-0.010314722873870565,NA,02:45,"Bilder wurden recht genau angeschaut. Findet schlimm, dass wir selber dafür verantwortlich sind. Ist nicht zu flicken wie ein Haus.","Gletschertext führte dazu, dass der Gesichtspunkt beim T2 anders war. Gletschertext im Hintergrund
","generell schon umweltbewusst, obwohl zum Teil geflogen wird. Text hat schlechtes Gewissen noch verstärkt."
27927496,2,text.bild,22,5,2,5,3,julia.wyss,W,1,1,1,1,1,1,1,1,1,2,1,1,4,1,2,2,4,2,3,4,3,3,2,4,4,2,2,5,4,1,4,2,2,5,4,5,2,5,4,4,2,5,1,5,2,5,2,5,2,2,2,1,1,1,2,1,1,1,1,1,1,1,1,1,2,NA,NA,NA,NA,NA,NA,NA,NA,NA,6,5,5,6,6,NA,NA,NA,NA,NA,NA,NA,NA,NA,NA,NA,NA,NA,NA,0.19302225163771247,NA,02:45,"Bilder wurden recht genau angeschaut. Findet schlimm, dass wir selber dafür verantwortlich sind. Ist nicht zu flicken wie ein Haus.","Gletschertext führte dazu, dass der Gesichtspunkt beim T2 anders war. Gletschertext im Hintergrund
","generell schon umweltbewusst, obwohl zum Teil geflogen wird. Text hat schlechtes Gewissen noch verstärkt."
54203666,1,video,21,4,2,4,3,julia.wyss,W,1,1,1,1,2,1,1,1,1,1,1,1,5,1,3,4,5,5,3,4,5,1,2,5,3,1,1,5,4,1,4,5,4,3,3,5,3,5,3,5,2,5,1,5,1,4,2,5,2,1,1,1,2,2,2,1,1,1,2,2,1,2,1,1,2,6,5,5,1,5,4,2,3,4,7,7,7,7,7,5,7,4,5,4,6,1,3,6,5,3,3,6,1,0.6714137707584638,"""Ich würde niemals auf Kosten der Allgemeinheit leben"" Ja/Nein --> nicht praktisch gewählt. Ist an Ergebnissen interessiert
",-,"fand es sehr spannend, aber auch beängstigend. Vorallem als die Grade stiegen. Wäre gerne dort gewesen, als der Gletscher noch grösser war.","Thema Klimawandel ist sehr wichtig. Hofft, dass junge Generationen verstehen, wie wichtig es ist. Und findet auch gut, dass man dies im Rahmen eines Studiums tut.","Nicht speziell wegen des Videos, aber in letzter Zeit wird veruscht, möglichst umweltbewusst zu leben, weil die Dringlichkeit einfach riesig ist.
"
54203666,2,video,21,4,2,4,3,julia.wyss,W,1,1,1,1,1,1,2,1,1,3,1,1,5,1,1,3,4,5,4,5,5,2,1,5,2,1,1,5,4,1,5,5,4,4,3,5,2,5,3,5,2,5,1,5,1,4,3,5,2,1,1,1,2,2,2,1,1,1,2,1,1,2,1,1,2,6,5,5,1,5,4,2,3,4,7,7,7,7,7,5,7,4,5,4,6,1,3,6,5,3,3,6,1,0.4620046287141656,"""Ich würde niemals auf Kosten der Allgemeinheit leben"" Ja/Nein --> nicht praktisch gewählt. Ist an Ergebnissen interessiert
",-,"fand es sehr spannend, aber auch beängstigend. Vorallem als die Grade stiegen. Wäre gerne dort gewesen, als der Gletscher noch grösser war.","Thema Klimawandel ist sehr wichtig. Hofft, dass junge Generationen verstehen, wie wichtig es ist. Und findet auch gut, dass man dies im Rahmen eines Studiums tut.","Nicht speziell wegen des Videos, aber in letzter Zeit wird veruscht, möglichst umweltbewusst zu leben, weil die Dringlichkeit einfach riesig ist.
"
41512613,1,text,23,4,2,4,2,julia.wyss,W,1,1,1,1,1,1,1,1,1,1,1,1,5,1,1,4,4,4,3,4,2,2,2,5,4,1,1,5,5,1,4,4,4,4,2,5,4,5,4,5,1,5,1,1,1,4,2,4,2,2,2,1,2,2,1,2,1,2,1,2,2,2,1,2,2,NA,NA,NA,NA,NA,NA,NA,NA,NA,6,NA,7,NA,7,NA,NA,NA,NA,NA,NA,NA,NA,NA,NA,NA,NA,NA,NA,0.3414959820002036,IAT erste Session wurde zweimal gemacht. 001 und 002 sind die richtigen Daten! 1 dann nicht mit in die Analyse einbezogen,02 :21,"fand es gut, dass durch die Erzählung einer Geschichte Informationen gegeben wurden.
","Es war gut illustriert mit dem Zeitstrahl, so dass man sieht, dass die Geschwindigkeit zunahm und das Zurückgehen verdoppelt hat. Es ist einem schon bewusst, aber so werden einem auch Fakten bewusst gemacht, mit denen man argumentieren kann.
","glaubt, dass sie sich schon viel Mühe gibt, wenn es um ökologische Fragen geht. Wenn mehr Leute so leben würde wie sie, wäre schon etwas getan. Der Text hat das nicht grundlegend verändert, aber doch wieder auf die Problematik aufmerksam gemacht - was wichtig ist."
41512613,2,text,23,4,2,4,2,julia.wyss,W,1,1,1,1,1,1,1,1,1,2,1,1,4,1,2,4,4,4,2,4,2,1,1,5,4,1,1,4,5,1,4,3,4,4,2,4,2,5,4,5,1,4,1,2,1,4,2,5,2,2,1,1,2,1,1,2,1,2,1,1,2,2,1,2,2,NA,NA,NA,NA,NA,NA,NA,NA,NA,6,NA,7,NA,7,NA,NA,NA,NA,NA,NA,NA,NA,NA,NA,NA,NA,NA,NA,0.9547441310098055,IAT erste Session wurde zweimal gemacht. 001 und 002 sind die richtigen Daten! 1 dann nicht mit in die Analyse einbezogen,02 :21,"fand es gut, dass durch die Erzählung einer Geschichte Informationen gegeben wurden.
","Es war gut illustriert mit dem Zeitstrahl, so dass man sieht, dass die Geschwindigkeit zunahm und das Zurückgehen verdoppelt hat. Es ist einem schon bewusst, aber so werden einem auch Fakten bewusst gemacht, mit denen man argumentieren kann.
","glaubt, dass sie sich schon viel Mühe gibt, wenn es um ökologische Fragen geht. Wenn mehr Leute so leben würde wie sie, wäre schon etwas getan. Der Text hat das nicht grundlegend verändert, aber doch wieder auf die Problematik aufmerksam gemacht - was wichtig ist."
39097429,1,text.bild,22,4,2,4,3,julia.wyss,W,2,1,1,1,1,1,1,1,1,4,1,1,5,1,3,4,4,5,4,4,4,1,2,4,2,2,1,4,4,1,5,4,4,5,2,4,4,4,4,5,4,5,1,1,1,4,3,5,2,1,2,1,1,2,1,1,1,1,2,2,1,2,1,2,1,NA,NA,NA,NA,NA,NA,NA,NA,NA,7,7,7,7,5,NA,NA,NA,NA,NA,NA,NA,NA,NA,NA,NA,NA,NA,NA,0.23334750741580937,NA,04:00,Text und vorallem Bilder waren erschütternd.,"Das Thema ist wirklich dringend. 
",Text diente als Auffrischung und Reminder.
39097429,2,text.bild,22,4,2,4,3,julia.wyss,W,2,1,1,1,2,1,2,1,1,2,1,1,5,1,4,4,4,5,4,4,4,1,2,5,2,1,1,5,5,1,5,4,5,5,2,4,4,4,5,5,2,5,1,2,1,5,2,4,2,1,2,2,1,1,1,1,1,2,1,2,1,2,1,2,1,NA,NA,NA,NA,NA,NA,NA,NA,NA,7,7,7,7,5,NA,NA,NA,NA,NA,NA,NA,NA,NA,NA,NA,NA,NA,NA,0.4584805608131729,NA,04:00,Text und vorallem Bilder waren erschütternd.,"Das Thema ist wirklich dringend. 
",Text diente als Auffrischung und Reminder.
53932038,1,text.bild,21,4,3,4,2,nora.schaer,W,1,1,1,1,2,1,1,1,1,1,1,1,2,2,1,1,5,1,1,5,4,4,1,5,5,1,5,5,2,1,2,1,1,5,2,2,4,4,4,2,5,5,1,5,5,2,1,5,2,1,1,1,1,2,1,1,1,1,1,1,2,2,1,1,1,NA,NA,NA,NA,NA,NA,NA,NA,NA,7,7,5,7,7,NA,NA,NA,NA,NA,NA,NA,NA,NA,NA,NA,NA,NA,NA,-0.21969337681297474,NA,03:26,"Es war eine spannende Geschichte. Alle Bilder waren aber Simulationen und nicht echte Bilder. Ich fand es vor allem für die Beschreibungen des Gletschers aus der Vergangenheit komisch, dass man nicht echte Bilder verwendet. Ich denke es wäre überzeugender gewesen, wenn man echte Bilder benutzt hätte.",Es ist krass was der Mensch alles auswirken kann. Jedoch ist mir dies auch wegen meinem Geo Studium schon vorher klar gewesen.,Ich werde nicht mehr machen als ich sonst schon mache.
53932038,2,text.bild,21,4,3,4,2,nora.schaer,W,1,1,1,1,2,1,1,1,5,4,1,1,2,5,4,1,4,1,1,4,2,2,1,5,5,1,5,4,1,5,5,1,1,5,4,4,1,4,4,5,1,5,1,1,1,2,2,4,2,2,1,2,1,1,1,1,1,2,1,1,2,2,1,1,1,NA,NA,NA,NA,NA,NA,NA,NA,NA,7,7,5,7,7,NA,NA,NA,NA,NA,NA,NA,NA,NA,NA,NA,NA,NA,NA,-0.5297791374578371,NA,03:26,"Es war eine spannende Geschichte. Alle Bilder waren aber Simulationen und nicht echte Bilder. Ich fand es vor allem für die Beschreibungen des Gletschers aus der Vergangenheit komisch, dass man nicht echte Bilder verwendet. Ich denke es wäre überzeugender gewesen, wenn man echte Bilder benutzt hätte.",Es ist krass was der Mensch alles auswirken kann. Jedoch ist mir dies auch wegen meinem Geo Studium schon vorher klar gewesen.,Ich werde nicht mehr machen als ich sonst schon mache.
79051050,1,text.bild,20,4,3,4,2,nora.schaer,W,2,2,1,1,3,1,2,1,1,1,2,2,4,4,2,2,4,2,1,3,3,1,3,5,2,2,3,4,3,2,4,3,1,4,4,5,2,4,5,4,1,5,1,2,1,4,2,4,2,1,1,1,1,2,1,1,1,1,1,1,1,1,2,2,2,NA,NA,NA,NA,NA,NA,NA,NA,NA,6,7,6,6,6,NA,NA,NA,NA,NA,NA,NA,NA,NA,NA,NA,NA,NA,NA,0.27767432598013614,Möchte die Ergebnisse der Studie sehen,02:27,"Es war sehr sympathisch, dass der Erzähler mich direkt angesprochen hat und so konnte ich mich auch gut mit dem Erzähler identifizieren.","Dass wir Menschen mehr auf die Umwelt achten sollen, wenn wir wollen, dass die natürlichen Ressourcen uns noch lange zur Verfügung stehen.","Ich denke ich werde nicht viel mehr machen als ich sowieso schon probiere, weil ich zum Beispiel bei Lebensmittel schon sehr darauf achte und ich denke noch mehr zu machen wäre fast ein bisschen schwierg."
79051050,2,text.bild,20,4,3,4,2,nora.schaer,W,2,1,2,1,2,1,2,2,1,3,2,1,4,2,1,3,3,2,1,2,4,2,2,4,2,2,2,2,2,1,4,3,1,4,2,4,2,4,5,4,2,5,1,2,1,4,2,5,2,1,1,1,1,1,1,1,1,1,2,1,2,1,2,2,2,NA,NA,NA,NA,NA,NA,NA,NA,NA,6,7,6,6,6,NA,NA,NA,NA,NA,NA,NA,NA,NA,NA,NA,NA,NA,NA,0.26759898146482625,Möchte die Ergebnisse der Studie sehen,02:27,"Es war sehr sympathisch, dass der Erzähler mich direkt angesprochen hat und so konnte ich mich auch gut mit dem Erzähler identifizieren.","Dass wir Menschen mehr auf die Umwelt achten sollen, wenn wir wollen, dass die natürlichen Ressourcen uns noch lange zur Verfügung stehen.","Ich denke ich werde nicht viel mehr machen als ich sowieso schon probiere, weil ich zum Beispiel bei Lebensmittel schon sehr darauf achte und ich denke noch mehr zu machen wäre fast ein bisschen schwierg."
36722785,1,video,54,6,3,4,3,nora.schaer,W,1,1,1,1,1,1,1,1,1,1,1,1,4,3,1,4,4,5,5,5,5,1,1,5,4,1,1,5,5,1,5,5,5,3,4,5,1,5,4,5,1,5,1,2,1,4,2,5,2,1,1,2,2,2,2,1,1,1,1,1,2,1,2,2,2,6,1,3,1,5,6,1,1,6,6,3,4,3,2,2,2,3,5,2,2,4,2,4,1,2,2,2,1,-0.2041495530630636,möchte die Ergebnisse/die Studie lesen,NA,der Film war grau und trüb und richtig düster und sehr laut.,der Klimwawandel ist nichts gutes,"Ja vielleicht. Das nächste Mal wenn ich mir überlege das Auto zu nehmen, nehme ich vielleicht trotzdem den Zug."
36722785,2,video,54,6,3,4,3,nora.schaer,W,1,1,1,1,1,1,1,1,1,1,1,1,5,1,1,4,5,5,5,5,5,1,1,5,4,1,1,5,5,1,5,5,5,4,1,5,1,5,5,5,1,5,1,3,1,5,3,5,2,1,1,2,1,2,1,1,1,1,1,1,1,2,2,2,2,6,1,3,1,5,6,1,1,6,6,3,4,3,2,2,2,3,5,2,2,4,2,4,1,2,2,2,1,-0.5714918219420988,möchte die Ergebnisse/die Studie lesen,NA,der Film war grau und trüb und richtig düster und sehr laut.,der Klimwawandel ist nichts gutes,"Ja vielleicht. Das nächste Mal wenn ich mir überlege das Auto zu nehmen, nehme ich vielleicht trotzdem den Zug."
65954050,1,video,21,4,5,4,2,nora.schaer,M,2,1,3,1,4,1,2,2,1,2,2,4,1,4,2,4,2,1,2,3,4,2,2,2,1,4,2,2,4,1,2,2,2,4,4,5,4,4,5,4,2,4,3,2,1,4,4,2,2,1,1,1,1,2,2,1,1,1,1,1,1,1,2,1,2,6,5,2,5,3,5,4,3,3,7,5,6,5,7,4,6,2,5,5,5,4,3,1,6,3,4,2,1,0.034106463854714414,Möchte die Ergebnisse der Studie sehen,NA,"Das Video ""zieht einem rein"" und es geht einem Nahe. Die Darstellung wie der Gletscher schmilzt ist sher gut und faszinierend.","Fand es sehr interessant, dass die Auswirkungen auf den Gletscher so krass sind",Nein
65954050,2,video,21,4,5,4,2,nora.schaer,M,4,4,4,4,4,3,5,4,2,4,4,4,4,4,4,2,2,1,4,4,4,4,2,2,1,4,2,4,4,2,2,4,2,4,4,4,4,3,5,5,2,5,4,2,2,4,4,2,2,1,1,1,1,1,2,1,1,1,1,1,2,2,2,1,2,6,5,2,5,3,5,4,3,3,7,5,6,5,7,4,6,2,5,5,5,4,3,1,6,3,4,2,1,0.569424335503405,Möchte die Ergebnisse der Studie sehen,NA,"Das Video ""zieht einem rein"" und es geht einem Nahe. Die Darstellung wie der Gletscher schmilzt ist sher gut und faszinierend.","Fand es sehr interessant, dass die Auswirkungen auf den Gletscher so krass sind",Nein
18203422,1,video,29,4,2,4,2,nora.schaer,M,2,1,1,1,2,2,3,2,1,1,1,3,2,1,2,2,4,4,3,5,5,1,2,5,2,2,1,4,4,1,4,4,4,4,2,4,4,4,4,5,2,5,1,3,1,4,1,5,2,1,1,1,1,2,2,1,1,1,1,1,1,2,1,2,2,6,4,3,5,6,7,4,4,2,3,1,5,5,2,2,6,1,1,2,2,4,5,2,5,6,2,3,3,-0.4425996057321806,Möchte die Ergebnisse der Studie sehen,NA,"Der Film war in schlechter Qualität, das hat mich gestört.","nicht so viel, weil mich das Thema auch sonst schon sehr interessiert. Deshalb weiss ich schon viel darüber.",Nein
18203422,2,video,29,4,2,4,2,nora.schaer,M,2,1,1,1,1,1,2,1,1,2,1,1,4,1,2,4,4,4,3,4,4,1,2,5,2,2,1,4,3,1,4,4,4,4,3,5,4,5,5,5,1,4,1,2,1,4,2,5,2,1,1,1,1,2,2,1,1,2,1,1,1,2,1,2,2,6,4,3,5,6,7,4,4,2,3,1,5,5,2,2,6,1,1,2,2,4,5,2,5,6,2,3,3,-0.46463929951020516,Möchte die Ergebnisse der Studie sehen,NA,"Der Film war in schlechter Qualität, das hat mich gestört.","nicht so viel, weil mich das Thema auch sonst schon sehr interessiert. Deshalb weiss ich schon viel darüber.",Nein
65765495,1,text,22,4,2,4,2,nora.schaer,W,4,1,1,1,1,1,1,1,1,1,1,1,2,1,1,4,4,4,4,5,4,2,1,5,4,1,2,4,4,1,5,3,5,3,2,5,4,5,4,5,1,5,1,4,1,5,2,5,2,2,1,2,1,1,1,1,1,1,1,1,2,2,2,2,2,NA,NA,NA,NA,NA,NA,NA,NA,NA,7,NA,7,NA,6,NA,NA,NA,NA,NA,NA,NA,NA,NA,NA,NA,NA,NA,NA,-0.10868110883973515,NA,01:36,"Die Zahlen zu lesen und zu merken wie rasant der Gletscher zurückgeht hat mich schockiert. Ebenfalls habe ich es gut gefunden, dass der Forscher mich mit der direkten Rede angesprochen hat.","Durch das benatworten des Fragebogens habe ich mich damit beschäftigt mich zu fragen, wie viel ich denn wirklich für den Klimaschutz mache. I","Mir ist es schon wichtig mich vielleicht auch in Zukunft mich mehr zu achte was ich konsumiere. Denn es ist wirklich so, dass das Individuum verantwortlich ist für den Klimawandel.Der Text verdeutlichte sehr, dass der Klimawandel ein ernstes Problem darstellt. Jeder muss bei sich anfangen Dinge zu ändern und auch ich werde mich vermehrt darauf auchten."
65765495,2,text,22,4,2,4,2,nora.schaer,W,1,1,1,1,1,1,1,1,1,1,1,1,4,1,1,4,5,2,4,4,4,2,1,4,2,2,2,4,3,1,5,4,4,4,2,5,3,5,4,5,1,4,1,4,1,5,4,5,2,2,1,2,1,1,2,1,1,1,1,1,2,2,1,2,2,NA,NA,NA,NA,NA,NA,NA,NA,NA,7,NA,7,NA,6,NA,NA,NA,NA,NA,NA,NA,NA,NA,NA,NA,NA,NA,NA,0.6259550809717238,NA,01:36,"Die Zahlen zu lesen und zu merken wie rasant der Gletscher zurückgeht hat mich schockiert. Ebenfalls habe ich es gut gefunden, dass der Forscher mich mit der direkten Rede angesprochen hat.","Durch das benatworten des Fragebogens habe ich mich damit beschäftigt mich zu fragen, wie viel ich denn wirklich für den Klimaschutz mache. I","Mir ist es schon wichtig mich vielleicht auch in Zukunft mich mehr zu achte was ich konsumiere. Denn es ist wirklich so, dass das Individuum verantwortlich ist für den Klimawandel.Der Text verdeutlichte sehr, dass der Klimawandel ein ernstes Problem darstellt. Jeder muss bei sich anfangen Dinge zu ändern und auch ich werde mich vermehrt darauf auchten."
34825770,1,video,21,4,3,4,3,nora.schaer,W,4,2,1,1,4,3,4,3,2,3,3,4,4,1,2,2,5,1,4,4,5,1,1,5,3,1,1,4,4,1,5,4,4,5,2,4,1,5,2,5,1,4,2,4,1,3,1,5,2,1,1,2,1,1,2,1,1,1,1,1,2,1,2,2,2,6,3,3,5,5,6,5,1,5,5,1,3,1,3,5,7,3,3,3,5,3,3,3,2,2,2,1,1,-0.2140683142088023,NA,NA,"Mir ist aufgefallen, dass immer wenn der Erzähler sagte ""schaut dort hin"" die Kamera nicht dort hin ging, das störte mich. Ebenfalls fand ich die Grafik schlecht.",Die Umwelt geht durch die Menschen kaputt,"Nein, weil ich schon umwelbewusst lebe."
34825770,2,video,21,4,3,4,3,nora.schaer,W,5,1,4,1,4,1,4,1,1,2,1,2,4,1,1,1,5,1,4,5,5,1,2,5,1,1,1,5,5,1,5,5,5,5,2,5,1,5,5,5,2,5,1,2,2,2,1,5,2,1,1,2,1,1,2,1,1,1,1,2,2,2,2,2,2,6,3,3,5,5,6,5,1,5,5,1,3,1,3,5,7,3,3,3,5,3,3,3,2,2,2,1,1,0.25365114878149697,NA,NA,"Mir ist aufgefallen, dass immer wenn der Erzähler sagte ""schaut dort hin"" die Kamera nicht dort hin ging, das störte mich. Ebenfalls fand ich die Grafik schlecht.",Die Umwelt geht durch die Menschen kaputt,"Nein, weil ich schon umwelbewusst lebe."
47365499,1,text,24,4,2,4,2,nora.schaer,M,2,1,1,1,1,1,1,2,1,1,1,2,3,2,2,2,4,3,1,4,5,2,1,5,3,2,5,5,1,1,5,4,1,5,4,3,3,5,4,4,2,4,2,2,3,5,3,5,2,1,2,1,2,2,2,2,1,1,1,2,2,1,1,2,1,NA,NA,NA,NA,NA,NA,NA,NA,NA,6,NA,6,NA,6,NA,NA,NA,NA,NA,NA,NA,NA,NA,NA,NA,NA,NA,NA,0.7302142026552974,NA,02:45,"Die Geschichte war sehr informativ. Es ist ziemlich neutral geschrieben und ich hatte nicht das Gefühl, dass der Erzähler probierte mir ein schlechtes Gewissen einzureden. Es war sehr objektiv.","Ich hatte den Eindruck, dass es mir beim Test einfacher ging das negative mit dem menschemachten und das positive mit dem natürlichen zuzuordnen. Ebenfalls hatte ich den Eindruck, dass der Fragebogen der selbe war, wie der den ich schon einmal ausgefüllt habe und ich fand es schwer wieder das gleiche anzukreuzen. Das zeigte mir dann irgendwie, dass die eigene Meinung die man hat irgendwie nicht o konsistent ist.","Nicht zwingend. Ich hatte das Gefühl man hat nur inputs gegeben und nicht wirklich feedback bekommen. So weiss ich ja dann nicht ob das was ich mache gut oder schlecht ist oder ob meine Meinung gut oder schlecht ist. Deshalb denke ich, dass meine Meinung auch so bleiben wird. Ebenfalls war mir schon vorher bewusst, dass die Gletscherschmelze eine Folge des Klimawandels ist."
47365499,2,text,24,4,2,4,2,nora.schaer,M,2,1,1,1,1,1,1,2,1,1,1,2,2,3,2,2,4,2,1,4,5,3,1,5,3,4,5,5,2,1,5,3,1,4,4,3,3,4,3,2,1,5,2,2,3,5,2,5,1,2,2,1,1,2,2,2,1,1,1,2,2,2,1,2,1,NA,NA,NA,NA,NA,NA,NA,NA,NA,6,NA,6,NA,6,NA,NA,NA,NA,NA,NA,NA,NA,NA,NA,NA,NA,NA,NA,0.6574603458730426,NA,02:45,"Die Geschichte war sehr informativ. Es ist ziemlich neutral geschrieben und ich hatte nicht das Gefühl, dass der Erzähler probierte mir ein schlechtes Gewissen einzureden. Es war sehr objektiv.","Ich hatte den Eindruck, dass es mir beim Test einfacher ging das negative mit dem menschemachten und das positive mit dem natürlichen zuzuordnen. Ebenfalls hatte ich den Eindruck, dass der Fragebogen der selbe war, wie der den ich schon einmal ausgefüllt habe und ich fand es schwer wieder das gleiche anzukreuzen. Das zeigte mir dann irgendwie, dass die eigene Meinung die man hat irgendwie nicht o konsistent ist.","Nicht zwingend. Ich hatte das Gefühl man hat nur inputs gegeben und nicht wirklich feedback bekommen. So weiss ich ja dann nicht ob das was ich mache gut oder schlecht ist oder ob meine Meinung gut oder schlecht ist. Deshalb denke ich, dass meine Meinung auch so bleiben wird. Ebenfalls war mir schon vorher bewusst, dass die Gletscherschmelze eine Folge des Klimawandels ist."
46880461,1,text.bild,22,4,4,2,1,nora.schaer,W,2,2,2,1,2,2,2,2,1,3,3,1,4,1,1,3,4,2,3,4,4,2,2,4,2,3,3,3,4,1,3,4,2,3,1,4,2,4,4,4,2,5,2,3,1,4,1,3,2,1,1,1,1,2,2,1,1,1,1,2,2,2,1,1,2,NA,NA,NA,NA,NA,NA,NA,NA,NA,6,7,7,5,6,NA,NA,NA,NA,NA,NA,NA,NA,NA,NA,NA,NA,NA,NA,-0.13522599150746928,NA,03:00,"Der Forscher der die Geschichte erzählt hat, hat oft von persönlichen Erlebnissen gesprochen. Er hat nicht nur wissenschaftliche Facts geliefert, sondern wie eine richtige Geschichte erzählt, was das ganze sehr gut lesbar gemacht hat.","Es ist sicher wichtig, dass man sich dem Klimawandel bewusst sein sollte und man die Auswirkungen beim Gletscher sehr gut sieht. Wir alle sollten etwas beitragen und uns auch um die nächsten Generationen sorgen.","Ich denke dafür war es zu kurz, dass ich jetzt voll die krasse Erkenntnis bekommen hätte. Aber es ist sicher wichtig, dass es einem bewusst ist."
46880461,2,text.bild,22,4,4,2,1,nora.schaer,W,2,1,1,1,1,1,2,1,5,4,1,2,4,2,1,4,3,3,2,3,4,3,4,4,3,3,2,3,4,2,3,4,4,4,2,4,4,5,5,5,2,4,2,3,1,3,2,4,2,1,1,1,1,2,2,1,1,1,1,1,1,2,2,1,2,NA,NA,NA,NA,NA,NA,NA,NA,NA,6,7,7,5,6,NA,NA,NA,NA,NA,NA,NA,NA,NA,NA,NA,NA,NA,NA,0.5009028364150065,NA,03:00,"Der Forscher der die Geschichte erzählt hat, hat oft von persönlichen Erlebnissen gesprochen. Er hat nicht nur wissenschaftliche Facts geliefert, sondern wie eine richtige Geschichte erzählt, was das ganze sehr gut lesbar gemacht hat.","Es ist sicher wichtig, dass man sich dem Klimawandel bewusst sein sollte und man die Auswirkungen beim Gletscher sehr gut sieht. Wir alle sollten etwas beitragen und uns auch um die nächsten Generationen sorgen.","Ich denke dafür war es zu kurz, dass ich jetzt voll die krasse Erkenntnis bekommen hätte. Aber es ist sicher wichtig, dass es einem bewusst ist."
12754645,1,text.bild,22,4,3,4,2,nora.schaer,W,1,1,1,1,2,1,1,1,1,2,1,1,4,2,2,2,4,2,1,4,4,1,1,4,4,1,2,4,4,1,4,4,3,4,2,4,4,5,4,5,1,5,1,4,1,5,1,5,2,1,1,1,1,2,2,1,1,1,2,2,1,1,1,1,2,NA,NA,NA,NA,NA,NA,NA,NA,NA,6,5,7,6,6,NA,NA,NA,NA,NA,NA,NA,NA,NA,NA,NA,NA,NA,NA,0.2621758397083483,NA,02:41,Die Geschichte war einfach geschrieben und der Erzähler hat mich direkt angesprochen.,Man sollte mehr auf die Umwelt achten und sich umweltbewusster Verhalten.,Ich probiere weniger umweltschädliche Aktivitäten zu machen.
12754645,2,text.bild,22,4,3,4,2,nora.schaer,W,1,1,1,1,2,1,2,1,1,1,2,1,4,2,2,2,4,2,1,4,5,2,1,4,4,2,1,4,4,1,4,4,3,4,4,4,3,5,4,5,4,5,1,2,2,4,1,4,2,1,1,1,1,2,2,1,1,1,1,1,1,1,1,1,2,NA,NA,NA,NA,NA,NA,NA,NA,NA,6,5,7,6,6,NA,NA,NA,NA,NA,NA,NA,NA,NA,NA,NA,NA,NA,NA,0.036829823249062366,NA,02:41,Die Geschichte war einfach geschrieben und der Erzähler hat mich direkt angesprochen.,Man sollte mehr auf die Umwelt achten und sich umweltbewusster Verhalten.,Ich probiere weniger umweltschädliche Aktivitäten zu machen.
31133719,1,text.bild,62,7,2,4,3,nora.schaer,M,3,1,1,1,1,1,1,1,1,4,1,1,4,1,2,4,5,5,3,4,4,2,1,5,1,3,1,4,4,1,4,3,4,5,4,5,3,5,3,5,2,5,1,5,1,3,3,5,2,2,1,2,1,2,2,1,1,1,1,2,1,2,2,2,2,NA,NA,NA,NA,NA,NA,NA,NA,NA,5,5,6,5,5,NA,NA,NA,NA,NA,NA,NA,NA,NA,NA,NA,NA,NA,NA,0.3507583473457938,NA,02:19,Es war eine Zeitreise mit dem Forscher Tyndall.,"Ich verstehe nicht genau, was das Ziel ganz genau ist, oder auf was ihr hier heraus wollt.",Nein
31133719,2,text.bild,62,7,2,4,3,nora.schaer,M,1,1,1,1,1,1,1,1,1,2,1,1,5,2,3,4,4,5,4,5,4,2,4,3,1,2,1,4,4,1,5,4,3,5,4,4,2,4,3,5,1,5,1,5,1,4,4,5,2,2,1,2,1,2,2,1,2,1,2,1,1,2,2,2,2,NA,NA,NA,NA,NA,NA,NA,NA,NA,5,5,6,5,5,NA,NA,NA,NA,NA,NA,NA,NA,NA,NA,NA,NA,NA,NA,0.458803671313368,NA,02:19,Es war eine Zeitreise mit dem Forscher Tyndall.,"Ich verstehe nicht genau, was das Ziel ganz genau ist, oder auf was ihr hier heraus wollt.",Nein
10270950,1,text,21,4,3,4,2,nora.schaer,W,1,1,1,1,1,1,3,1,1,2,2,1,1,1,4,1,1,1,1,1,1,5,1,1,4,4,4,1,1,1,3,2,1,4,4,4,3,4,3,4,1,4,1,4,2,4,4,4,2,2,2,2,1,2,1,1,1,1,2,1,2,2,1,2,2,NA,NA,NA,NA,NA,NA,NA,NA,NA,6,NA,6,NA,6,NA,NA,NA,NA,NA,NA,NA,NA,NA,NA,NA,NA,NA,NA,0.1625986200295053,NA,02:48,Die Geschichte war informativ,Die Auswirkungen die wir Menschen auf die Natur haben und in diesem Beispiel jetzt spezifisch auf den Gletscher bezogen.,Nein
10270950,2,text,21,4,3,4,2,nora.schaer,W,1,1,1,1,2,1,1,1,1,2,1,2,1,1,1,1,3,1,1,1,1,2,1,3,5,4,4,1,3,1,3,3,1,4,4,4,4,5,4,4,1,5,1,4,1,5,4,4,2,2,1,2,1,2,2,1,1,1,1,2,1,1,1,2,2,NA,NA,NA,NA,NA,NA,NA,NA,NA,6,NA,6,NA,6,NA,NA,NA,NA,NA,NA,NA,NA,NA,NA,NA,NA,NA,NA,-0.3220119490993277,NA,02:48,Die Geschichte war informativ,Die Auswirkungen die wir Menschen auf die Natur haben und in diesem Beispiel jetzt spezifisch auf den Gletscher bezogen.,Nein
90811768,1,text,18,3,4,4,1,nora.schaer,M,3,2,2,4,1,1,2,1,2,4,2,3,2,1,4,1,4,2,3,4,5,1,2,4,2,2,3,4,3,1,1,4,4,2,2,2,3,5,4,5,2,4,2,1,1,2,1,4,2,2,2,1,2,2,1,1,2,1,1,2,1,2,2,2,1,NA,NA,NA,NA,NA,NA,NA,NA,NA,2,NA,5,NA,3,NA,NA,NA,NA,NA,NA,NA,NA,NA,NA,NA,NA,NA,NA,-0.2220449210010137,NA,02:31,Der Erzähler hat von einer langen Zeitspanne erzählt.,Nicht wirklich,Ich werde weniger Feisch essen
90811768,2,text,18,3,4,4,1,nora.schaer,M,2,2,1,2,1,1,2,2,1,4,1,2,3,1,2,2,4,1,2,4,4,1,2,4,2,3,2,4,3,2,4,4,2,2,1,4,4,5,4,5,2,4,2,2,1,2,1,2,2,1,2,1,1,2,2,1,2,1,1,2,2,2,2,2,1,NA,NA,NA,NA,NA,NA,NA,NA,NA,2,NA,5,NA,3,NA,NA,NA,NA,NA,NA,NA,NA,NA,NA,NA,NA,NA,NA,-0.15840101341920718,NA,02:31,Der Erzähler hat von einer langen Zeitspanne erzählt.,Nicht wirklich,Ich werde weniger Feisch essen
78489627,1,video,23,5,4,5,3,nora.schaer,M,3,1,1,1,1,1,1,1,1,2,1,2,4,1,3,2,2,1,1,2,2,4,2,2,1,5,5,4,1,2,3,4,1,5,4,4,5,4,4,1,2,4,1,4,4,4,2,2,1,1,2,1,1,1,1,1,2,1,1,1,2,2,2,2,2,2,1,1,1,1,3,2,1,6,5,2,3,2,3,2,1,1,4,1,2,4,3,2,2,6,2,2,1,0.33821438258903463,NA,NA,Der Inhalt des Films ist sehr spannend und interessant. Die Grafik des Films ist aber extrem schlecht.,"dass das Experiment in einem sehr kahlen und tristen Raum stattgefunden hat und dass man schnell lernt, ob man auf p oder q drücken muss.",Nein
78489627,2,video,23,5,4,5,3,nora.schaer,M,2,1,1,2,1,1,2,1,2,3,1,2,4,4,4,1,1,1,1,2,1,4,4,2,1,5,5,1,2,5,3,1,2,5,4,4,5,4,5,2,2,4,4,4,5,4,4,4,1,1,2,1,1,1,1,1,2,1,1,1,2,2,1,2,1,2,1,1,1,1,3,2,1,6,5,2,3,2,3,2,1,1,4,1,2,4,3,2,2,6,2,2,1,-0.1774405406545149,NA,NA,Der Inhalt des Films ist sehr spannend und interessant. Die Grafik des Films ist aber extrem schlecht.,"dass das Experiment in einem sehr kahlen und tristen Raum stattgefunden hat und dass man schnell lernt, ob man auf p oder q drücken muss.",Nein
67167110,1,text,22,4,2,4,3,nora.schaer,M,1,1,1,1,1,1,1,1,1,1,1,3,2,2,3,1,3,1,3,3,4,2,1,2,5,3,3,1,2,3,3,4,2,1,4,3,1,4,5,4,1,4,4,3,3,3,2,3,1,1,1,2,1,2,2,1,1,1,1,2,1,1,1,1,1,NA,NA,NA,NA,NA,NA,NA,NA,NA,4,NA,5,NA,5,NA,NA,NA,NA,NA,NA,NA,NA,NA,NA,NA,NA,NA,NA,-0.029338788851761943,NA,02:21,"Es ist mir aufgefallen, dass die Geschichte sehr erzählerisch geschrieben wurde. Es fühlte sich ein bisschen an, als würde ich eine Kindergeschichte lesen.",Nichts,"Nein, weil ich schon sonst ein umweltbewusstes Verhalten zeige und für das brauche ich nicht extra an einem Experiment teilzunehmen."
67167110,2,text,22,4,2,4,3,nora.schaer,M,4,1,1,1,1,1,1,1,5,1,1,3,1,1,1,1,3,1,3,3,3,2,2,3,5,3,3,3,3,1,3,4,3,1,4,2,4,4,4,1,1,5,4,1,1,2,4,3,1,1,1,2,1,2,1,1,1,1,1,1,1,1,1,1,1,NA,NA,NA,NA,NA,NA,NA,NA,NA,4,NA,5,NA,5,NA,NA,NA,NA,NA,NA,NA,NA,NA,NA,NA,NA,NA,NA,-0.4133690170455444,NA,02:21,"Es ist mir aufgefallen, dass die Geschichte sehr erzählerisch geschrieben wurde. Es fühlte sich ein bisschen an, als würde ich eine Kindergeschichte lesen.",Nichts,"Nein, weil ich schon sonst ein umweltbewusstes Verhalten zeige und für das brauche ich nicht extra an einem Experiment teilzunehmen."
