StartDate,EndDate,Status,IPAddress,Progress,Duration (in seconds),Finished,RecordedDate,ResponseId,RecipientLastName,RecipientFirstName,RecipientEmail,ExternalReference,LocationLatitude,LocationLongitude,DistributionChannel,UserLanguage,age,edu,sex,sex_2_TEXT,Q84,sod_1,sod_2,sod_3,sod_4,sod_5,sod_6,sod_7,sod_8,sod_9,vr_eval1,vr_eval2,vr_eval3,vr_eval4,vr_eval5,span,seen,rem_ipq,ipq1,ipq2,ipq3,ipq4,ipq5,ipq6,ipq7,ipq8,ipq9,ipq10,ipq11,ipq12,ipq13,ipq14,vr_eval1,vr_eval2,vr_eval3,vr_eval4,vr_eval5,vr_eval1,vr_eval3,vr_eval5,tb_span,tb_seen,ccs1,ccs2,ccs3,ccs4,ccs5,ccs6,ccs7,ccs8,ccs9,ccs10,ccs11,ccs12,nr1,nr2,nr3,nr4,nr5,nr6,nr7,nr8,nr9,nr10,nr11,nr12,nr13,nr14,nr15,nr16,nr17,nr18,nr19,nr20,nr21,nep1,nep2,nep3,nep4,nep5,nep6,nep7,nep8,nep9,nep10,nep11,nep12,nep13,nep14,nep15,Q89_1,Q89_2,Q89_3,Q89_4,Q89_5,Q89_6,Q89_7,Q89_8,Q89_9,Q89_10,Q89_11,Q89_12,Q89_13,Q89_14,Q89_15,Q89_16,Q89_17,id,condition,sex_3_TEXT - Parent Topics,sex_3_TEXT - Topics
Anfangsdatum,Enddatum,Antworttyp,IP-Adresse,Aktueller Stand,Dauer (in Sekunden),Beendet,Erfassungsdatum,Antwort-ID,Nachname des Empfängers,Vorname des Empfängers,E-Mail des Empfängers,Externe Datenreferenz,Breitengrad des Standorts,Längengrad des Standorts,Verteilungskanal,Benutzersprache,Alter in Jahren,Geben Sie hier Ihre höchste abgeschlossene Ausbildungsstufe an.,Geschlecht - Selected Choice,Geschlecht - Anderes - Text,Wo würden Sie sich im politischen Spektrum einordnen?,Inwiefern stimmen Sie den folgenden Aussagen zu? - Ich habe mich voll und ganz auf das Geschehen im Video eingelassen.,"Inwiefern stimmen Sie den folgenden Aussagen zu? - Ich habe mich darauf konzentriert, ob Unstimmigkeiten im Video vorhanden sind.","Inwiefern stimmen Sie den folgenden Aussagen zu? - Ich habe nicht besonders darauf geachtet, ob Fehler bzw. Widersprüche in der Umgebung im Video bestehen.",Inwiefern stimmen Sie den folgenden Aussagen zu? - Ich habe meine Aufmerksamkeit auf mögliche Fehler bzw. Widersprüche in der Umgebung im  Video gerichtet.,"Inwiefern stimmen Sie den folgenden Aussagen zu? - Ich habe mir Gedanken darüber gemacht, ob die Handlung bzw. das Dargestellte im Video schlüssig war.","Inwiefern stimmen Sie den folgenden Aussagen zu? - Ich habe mich gefragt, ob es das Dargestellte im Video so geben könnte.",Inwiefern stimmen Sie den folgenden Aussagen zu? - Ich stand der dargestellten Umgebung im Video kritisch gegenüber.,"Inwiefern stimmen Sie den folgenden Aussagen zu? - Für mich war es wichtig zu prüfen, ob Unstimmigkeiten in der Umgebung im Video existieren.","Inwiefern stimmen Sie den folgenden Aussagen zu? - Für mich war es nicht von Bedeutung, ob die Umgebung im Video Fehler bzw. Widersprüche enthält.","Geben Sie an, wie stark Sie folgenden Aussagen zustimmen. - Das Video war spannend.","Geben Sie an, wie stark Sie folgenden Aussagen zustimmen. - Das Video war graphisch ansprechend.","Geben Sie an, wie stark Sie folgenden Aussagen zustimmen. - Das Video-Erlebnis war angenehm.","Geben Sie an, wie stark Sie folgenden Aussagen zustimmen. - Das Video-Erlebnis war realistisch.","Geben Sie an, wie stark Sie folgenden Aussagen zustimmen. - Das Video-Erlebnis hat mir insgesamt gut gefallen.",Wie gross war die Zeitspanne des dargestellten Gletscherschmelzens?,Haben Sie vor heute schon mal den Aletschgletscher gesehen?,"Sie sehen nun 14 Fragen bzw. Aussagen darüber, wie Sie die virtuelle Welt, welche im Video präsentiert worden ist, erlebten. Bitte geben Sie jeweils an, ob die Aussage zutrifft oder nicht. Sie können die gesamte Breite der Antwortmöglichkeiten nutzen. Es gibt keine richtigen oder falschen Antworten, es zählt nur Ihre Meinung.

Ihnen wird auffallen, daß sich manche Fragen sehr ähneln, das ist aus statistischen Gründen notwendig - wir bitten um Verständnis. Und bitte denken Sie daran: Beantworten Sie alle Fragen jeweils in Bezug auf dieses eine Erlebnis.","In der computererzeugten Welt hatte ich den Eindruck, dort gewesen zu sein.","Ich hatte das Gefühl, daß die virtuelle Umgebung mehr umfasste, als ich sehen konnte","Ich hatte das Gefühl, nur Bilder zu sehen.","Ich hatte nicht das Gefühl, in dem virtuellen Raum zu sein.","Ich hatte das Gefühl, in dem virtuellen Raum zu handeln statt etwas von außen zu bedienen.",Ich fühlte mich im virtuellen Raum anwesend,"Wie bewußt war Ihnen die reale Welt, während Sie sich durch die virtuelle Welt bewegten (z.B. Geräusche, Raumtemperatur, andere Personen etc.)?",Meine reale Umgebung war mir nicht mehr bewußt.,Ich achtete noch auf die reale Umgebung.,Meine Aufmerksamkeit war von der virtuellen Welt völlig in Bann gezogen.,Wie real erschien Ihnen die virtuelle Umgebung?,Wie sehr glich Ihr Erleben der virtuellen Umgebung dem Erleben einer realen Umgebung?,Wie real erschien Ihnen die virtuelle Welt?,Die virtuelle Welt erschien mir wirklicher als die reale Welt.,"Geben Sie an, wie stark Sie folgenden Aussagen zustimmen. - Der Text war spannend.","Geben Sie an, wie stark Sie folgenden Aussagen zustimmen. - Die Illustrationen war graphisch ansprechend.","Geben Sie an, wie stark Sie folgenden Aussagen zustimmen. - Das Lesen war angenehm.","Geben Sie an, wie stark Sie folgenden Aussagen zustimmen. - Die Illustrationen waren realistisch.","Geben Sie an, wie stark Sie folgenden Aussagen zustimmen. - Das Lesen hat mir insgesamt gut gefallen.","Geben Sie an, wie stark Sie folgenden Aussagen zustimmen. - Der Text war spannend.","Geben Sie an, wie stark Sie folgenden Aussagen zustimmen. - Das Lesen war angenehm.","Geben Sie an, wie stark Sie folgenden Aussagen zustimmen. - Das Lesen hat mir insgesamt gut gefallen.","Wie gross war die Zeitspanne, über welche das Gletscherschmelzen im Text behandelt wurde?",Haben Sie den Aletschgletscher schon mal gesehen?,Die Medien berichten oft zu alarmierend über Themen wie den Klimawandel.,"Es gibt zu viele widersprüchliche Beweise über den Klimawandel, um zu wissen, ob er tatsächlich stattfindet.",Die Beweise für den Klimawandel sind unzuverlässig.,"Es ist noch nicht klar, ob der Klimawandel wirklich ein Problem ist.",Der Klimawandel ist bloss eine natürliche Schwankung der Erdtemperaturen.,"Ich bin mir nicht sicher, ob der Klimawandel tatsächlich stattfindet.","Überschwemmungen und Hitzewellen nehmen nicht zu, heutzutage wird in den Medien einfach mehr darüber berichtet.","Die Behauptung, dass menschliche Aktivität das Klima verändert, ist übertrieben.","Ich glaube nicht, dass der Klimawandel ein echtes Problem ist.","Der Klimawandel ist unvorhersehbar und zu komplex, als dass Wissenschaftler nützliche Prognosen machen könnten.","Viele führende Experten sind sich noch nicht sicher, ob menschliche Aktivität zum Klimawandel beiträgt.",Es wird zu viel Aufhebens um den Klimawandel gemacht.,"Ich bin gerne im Freien, auch bei schlechtem Wetter.",Einige Tierarten sind einfach zum Aussterben bestimmt.,"Menschen haben das Recht, natürliche Ressourcen so zu nutzen, wie sie es wollen.",Mein Idealer Urlaubsort wäre eine abgelegene Wildnis.,"Ich denke immer daran, wie sich meine Handlungen auf die Umwelt auswirken.","Ich genieße es, in der Erde zu graben und mir meine Hände schmutzig zu machen.",Meine Verbindung zu Natur und Umwelt ist ein Teil meiner Spiritualität.,Ich habe ein großes Bewusstsein für Umweltthemen.,"Ich nehme die Tierwelt wahr, wo immer ich bin.",Ich gehe nicht oft in die Natur.,"Nichts, was ich tue, wird die Probleme an anderen Orten auf dem Planeten ändern.","Ich bin nicht von der Natur abgetrennt, sondern ein Teil der Natur.","Der Gedanke, tief im Wald und abseits der Zivilisation zu sein, ist beängstigend.","Meine Gefühle für die Natur haben keinen Einfluss darauf, wie ich mein Leben lebe.","Tiere, Vögel und Pflanzen sollten weniger Rechte haben als Menschen.",Selbst mitten in der Stadt bemerke ich die Natur um mich herum.,Meine Beziehung zur Natur ist ein wichtiger Teil meiner Identität.,"Naturschutz ist überflüssig, weil die Natur stark genug ist, um sich von jeglichen menschlichen Einflüssen zu erholen.",Der Zustand nichtmenschlicher Arten ist ein Indikator für die Zukunft der Menschheit.,Ich denke oft über das Leiden der Tiere nach.,Ich fühle mich mit allen Lebewesen der Erde verbunden.,"Wir nähern uns dem Limit der Bevölkerungszahl, das die Erde bewältigen kann.","Die Menschen haben das Recht ihre natürliche Umwelt zu verändern, um sie an ihre Bedürfnisse anzupassen.","Wenn die Menschen sich in die Natur einmischen, hat das oft katastrophale Konsequenzen.","Der menschliche Einfallsreichtum wird dafür sorgen, dass wir die Erde NICHT unbewohnbar machen.",Die Menschen missbrauchen die Umwelt schwer.,"Die Erde hätte genügend natürliche Ressourcen, wenn wir nur lernen diese zu fördern.",Pflanzen und Tiere haben das gleiche Recht zu leben wie Menschen.,"Das Gleichgewicht der Natur ist stark genug, um den Einfluss der modernen Industrienationen zu bewältigen.",Abgesehen von unseren speziellen Fähigkeiten sind wir Menschen immer noch den Naturgesetzen unterworfen.,"Die so genannte “Umweltkrise” mit der die Menschheit konfrontiert ist, wird völlig übertrieben.",Die Erde ist wie ein Raumschiff mit wenig Platz und wenig Ressourcen.,"Menschen sind dazu geboren, über den Rest der Natur zu herrschen.","Das Gleichgewicht der Natur ist sehr empfindlich
und leicht zu stören.","Die Menschen werden möglicherweise genug darüber lernen, wie die Natur funktioniert, um sie kontrollieren zu können.","Wenn die Dinge so weitergehen wie bisher, werden wir bald eine große Umweltkatastrophe erleben.","Bitte geben Sie an, ob folgende Aussagen auf Sie zutreffen. - Manchmal werfe ich Müll einfach in die Landschaft oder auf die Straße.","Bitte geben Sie an, ob folgende Aussagen auf Sie zutreffen. - Eigene Fehler gebe ich stets offen zu und ertrage gelassen etwaige negative Konsequenzen.","Bitte geben Sie an, ob folgende Aussagen auf Sie zutreffen. - Im Straßenverkehr nehme ich stets Rücksicht auf die anderen Verkehrsteilnehmer.","Bitte geben Sie an, ob folgende Aussagen auf Sie zutreffen. - Ich habe schon einmal Drogen (Tabletten, Haschisch oder ""ähnliches"") konsumiert.","Bitte geben Sie an, ob folgende Aussagen auf Sie zutreffen. - Ich akzeptiere alle anderen Meinungen, auch wenn sie mit meiner eigenen nicht übereinstimmen.","Bitte geben Sie an, ob folgende Aussagen auf Sie zutreffen. - Meine Wut oder schlechte Laune lasse ich hin und wieder an unschuldigen oder schwächeren Leuten aus.","Bitte geben Sie an, ob folgende Aussagen auf Sie zutreffen. - Ich habe schon einmal jemanden ausgenutzt oder übers Ohr gehauen.","Bitte geben Sie an, ob folgende Aussagen auf Sie zutreffen. - In einem Gespräch lasse ich den anderen stets ausreden und höre aufmerksam zu.","Bitte geben Sie an, ob folgende Aussagen auf Sie zutreffen. - Ich zögere niemals, jemandem in einer Notlage beizustehen.","Bitte geben Sie an, ob folgende Aussagen auf Sie zutreffen. - Wenn ich etwas versprochen habe, halte ich es ohne Wenn und Aber.","Bitte geben Sie an, ob folgende Aussagen auf Sie zutreffen. - Ich lästere gelegentlich über andere hinter deren Rücken.","Bitte geben Sie an, ob folgende Aussagen auf Sie zutreffen. - Ich würde niemals auf Kosten der Allgemeinheit leben.","Bitte geben Sie an, ob folgende Aussagen auf Sie zutreffen. - Ich bleibe immer freundlich und zuvorkommend anderen Leuten gegenüber, auch wenn ich selbst gestreßt bin.","Bitte geben Sie an, ob folgende Aussagen auf Sie zutreffen. - Im Streit bleibe ich stets sachlich und objektiv.","Bitte geben Sie an, ob folgende Aussagen auf Sie zutreffen. - Ich habe schon einmal geliehene Sachen nicht zurückgegeben.","Bitte geben Sie an, ob folgende Aussagen auf Sie zutreffen. - Ich ernähre mich stets gesund.","Bitte geben Sie an, ob folgende Aussagen auf Sie zutreffen. - Manchmal helfe ich nur, weil ich eine Gegenleistung erwarte.",id,condition,sex_3_TEXT - Parent Topics,sex_3_TEXT - Topics
"{""ImportId"":""startDate"",""timeZone"":""Europe/London""}","{""ImportId"":""endDate"",""timeZone"":""Europe/London""}","{""ImportId"":""status""}","{""ImportId"":""ipAddress""}","{""ImportId"":""progress""}","{""ImportId"":""duration""}","{""ImportId"":""finished""}","{""ImportId"":""recordedDate"",""timeZone"":""Europe/London""}","{""ImportId"":""_recordId""}","{""ImportId"":""recipientLastName""}","{""ImportId"":""recipientFirstName""}","{""ImportId"":""recipientEmail""}","{""ImportId"":""externalDataReference""}","{""ImportId"":""locationLatitude""}","{""ImportId"":""locationLongitude""}","{""ImportId"":""distributionChannel""}","{""ImportId"":""userLanguage""}","{""ImportId"":""QID63_TEXT""}","{""ImportId"":""QID66""}","{""ImportId"":""QID67""}","{""ImportId"":""QID67_3_TEXT""}","{""ImportId"":""QID88""}","{""ImportId"":""QID84_1""}","{""ImportId"":""QID84_2""}","{""ImportId"":""QID84_3""}","{""ImportId"":""QID84_4""}","{""ImportId"":""QID84_5""}","{""ImportId"":""QID84_6""}","{""ImportId"":""QID84_7""}","{""ImportId"":""QID84_8""}","{""ImportId"":""QID84_9""}","{""ImportId"":""QID56_1""}","{""ImportId"":""QID56_2""}","{""ImportId"":""QID56_3""}","{""ImportId"":""QID56_4""}","{""ImportId"":""QID56_5""}","{""ImportId"":""QID86""}","{""ImportId"":""QID87""}","{""ImportId"":""QID83""}","{""ImportId"":""QID68""}","{""ImportId"":""QID70""}","{""ImportId"":""QID71""}","{""ImportId"":""QID72""}","{""ImportId"":""QID73""}","{""ImportId"":""QID74""}","{""ImportId"":""QID75""}","{""ImportId"":""QID76""}","{""ImportId"":""QID78""}","{""ImportId"":""QID79""}","{""ImportId"":""QID77""}","{""ImportId"":""QID80""}","{""ImportId"":""QID81""}","{""ImportId"":""QID82""}","{""ImportId"":""QID90_1""}","{""ImportId"":""QID90_2""}","{""ImportId"":""QID90_3""}","{""ImportId"":""QID90_4""}","{""ImportId"":""QID90_5""}","{""ImportId"":""QID95_1""}","{""ImportId"":""QID95_3""}","{""ImportId"":""QID95_5""}","{""ImportId"":""QID91""}","{""ImportId"":""QID92""}","{""ImportId"":""QID41""}","{""ImportId"":""QID42""}","{""ImportId"":""QID43""}","{""ImportId"":""QID45""}","{""ImportId"":""QID46""}","{""ImportId"":""QID47""}","{""ImportId"":""QID48""}","{""ImportId"":""QID49""}","{""ImportId"":""QID50""}","{""ImportId"":""QID51""}","{""ImportId"":""QID44""}","{""ImportId"":""QID52""}","{""ImportId"":""QID17""}","{""ImportId"":""QID19""}","{""ImportId"":""QID20""}","{""ImportId"":""QID21""}","{""ImportId"":""QID24""}","{""ImportId"":""QID25""}","{""ImportId"":""QID26""}","{""ImportId"":""QID27""}","{""ImportId"":""QID28""}","{""ImportId"":""QID29""}","{""ImportId"":""QID30""}","{""ImportId"":""QID31""}","{""ImportId"":""QID32""}","{""ImportId"":""QID33""}","{""ImportId"":""QID34""}","{""ImportId"":""QID35""}","{""ImportId"":""QID36""}","{""ImportId"":""QID37""}","{""ImportId"":""QID38""}","{""ImportId"":""QID39""}","{""ImportId"":""QID40""}","{""ImportId"":""QID1""}","{""ImportId"":""QID3""}","{""ImportId"":""QID4""}","{""ImportId"":""QID5""}","{""ImportId"":""QID6""}","{""ImportId"":""QID7""}","{""ImportId"":""QID8""}","{""ImportId"":""QID9""}","{""ImportId"":""QID10""}","{""ImportId"":""QID11""}","{""ImportId"":""QID12""}","{""ImportId"":""QID13""}","{""ImportId"":""QID14""}","{""ImportId"":""QID15""}","{""ImportId"":""QID16""}","{""ImportId"":""QID89_1""}","{""ImportId"":""QID89_3""}","{""ImportId"":""QID89_19""}","{""ImportId"":""QID89_20""}","{""ImportId"":""QID89_21""}","{""ImportId"":""QID89_22""}","{""ImportId"":""QID89_23""}","{""ImportId"":""QID89_24""}","{""ImportId"":""QID89_26""}","{""ImportId"":""QID89_25""}","{""ImportId"":""QID89_11""}","{""ImportId"":""QID89_12""}","{""ImportId"":""QID89_13""}","{""ImportId"":""QID89_14""}","{""ImportId"":""QID89_15""}","{""ImportId"":""QID89_16""}","{""ImportId"":""QID89_17""}","{""ImportId"":""id""}","{""ImportId"":""condition""}","{""ImportId"":""QID67_3_TEXT_8eec7073066e41ae9b61580bParTopics""}","{""ImportId"":""QID67_3_TEXT_8eec7073066e41ae9b61580bTopics""}"
2019-10-17 18:02:34,2019-10-17 18:09:14,0,178.197.249.26,100,400,1,2019-10-17 18:09:14,R_1f7X85t1K9kBQZ4,,,,,47.30780029296875,8.144195556640625,anonymous,DE,12,6,0,,5,5,5,5,3,3,3,5,5,5,2,2,2,2,2,1,1,,3,3,6,3,3,5,5,5,5,6,5,5,5,5,,,,,,,,,,,2,1,2,5,2,2,1,3,4,4,3,3,4,1,5,2,1,3,4,5,1,5,4,5,1,2,3,1,1,2,4,4,3,3,2,3,1,5,2,1,4,2,1,4,3,2,2,3,1,1,1,1,1,1,1,1,1,1,1,1,1,1,1,1,1,joke?condition=video,,,
2019-10-17 18:16:12,2019-10-17 18:26:31,0,178.197.249.26,100,618,1,2019-10-17 18:26:31,R_3ke1hPjQSLDarmy,,,,,47.271697998046875,8.1439971923828125,anonymous,DE,56,1,2,,2,3,3,3,3,3,3,3,3,3,2,2,2,2,2,1,1,,2,2,2,3,2,2,3,3,2,2,3,2,3,2,,,,,,,,,,,2,1,1,1,2,3,1,1,1,1,5,1,2,3,5,3,5,5,3,2,5,1,1,5,1,1,5,2,2,4,3,1,4,3,4,3,2,1,3,5,1,3,1,4,3,2,4,1,1,1,1,1,1,1,1,1,1,1,1,1,1,1,1,1,1,joke,video,,
2019-10-17 18:46:48,2019-10-17 18:46:48,0,178.197.249.26,100,0,1,2019-10-17 18:46:50,R_3JH031zpdPlTUY1,,,,,47.30780029296875,8.144195556640625,anonymous,DE,,,,,,,,,,,,,,,,,,,,,,,,,,,,,,,,,,,,,,,,,,,,,,,,,,,,,,,,,,,,,,,,,,,,,,,,,,,,,,,,,,,,,,,,,,,,,,,,,,,,,,,,,,,,,,,,,,,
2019-10-17 18:46:56,2019-10-17 18:46:56,8,178.197.249.26,100,0,1,2019-10-17 18:46:57,R_rcldUnwegB3Le4p,,,,,47.30780029296875,8.144195556640625,anonymous,DE,,,,,,,,,,,,,,,,,,,,,,,,,,,,,,,,,,,,,,,,,,,,,,,,,,,,,,,,,,,,,,,,,,,,,,,,,,,,,,,,,,,,,,,,,,,,,,,,,,,,,,,,,,,,,,,,David.Weibel,,,
2019-10-17 18:47:03,2019-10-17 18:47:03,8,178.197.249.26,100,0,1,2019-10-17 18:47:03,R_pfJYdKKW3bfW8Mx,,,,,47.271697998046875,8.1439971923828125,anonymous,DE,,,,,,,,,,,,,,,,,,,,,,,,,,,,,,,,,,,,,,,,,,,,,,,,,,,,,,,,,,,,,,,,,,,,,,,,,,,,,,,,,,,,,,,,,,,,,,,,,,,,,,,,,,,,,,,,David.Weibel,,,
2019-10-17 18:47:13,2019-10-17 18:47:13,8,178.197.249.26,100,0,1,2019-10-17 18:47:14,R_Q0lXNSL5B541Bmx,,,,,47.30780029296875,8.144195556640625,anonymous,DE,,,,,,,,,,,,,,,,,,,,,,,,,,,,,,,,,,,,,,,,,,,,,,,,,,,,,,,,,,,,,,,,,,,,,,,,,,,,,,,,,,,,,,,,,,,,,,,,,,,,,,,,,,,,,,,,,,,
2019-10-17 18:47:25,2019-10-17 18:47:25,1,,100,0,1,2019-10-17 18:47:26,R_2ZDMOz9Bfj7aFvG,,,,,47.30780029296875,8.144195556640625,preview,DE,,,,,,,,,,,,,,,,,,,,,,,,,,,,,,,,,,,,,,,,,,,,,,,,,,,,,,,,,,,,,,,,,,,,,,,,,,,,,,,,,,,,,,,,,,,,,,,,,,,,,,,,,,,,,,,,,,,
2019-10-21 09:56:34,2019-10-21 10:01:41,0,130.92.154.123,100,306,1,2019-10-21 10:01:41,R_2wvEJqsJdD66pL6,,,,,46.9167022705078125,7.466705322265625,anonymous,DE,33,2,1,,2,2,2,2,2,2,2,2,2,2,3,2,2,2,2,1,1,,5,4,4,4,4,4,3,4,4,4,4,4,4,4,,,,,,,,,,,1,1,1,1,1,1,1,1,1,1,1,1,1,1,1,1,1,1,1,1,1,1,5,1,1,1,1,1,1,1,1,4,1,1,1,1,1,1,1,1,1,2,1,1,1,1,1,1,2,2,1,2,2,2,1,2,2,2,2,2,2,2,2,2,2,David.Weibel,video,,
2019-10-21 10:01:47,2019-10-21 12:03:09,0,130.92.154.123,9,7282,0,2019-10-28 11:03:21,R_2R3VdTsxgB0bw91,,,,,,,anonymous,DE,22,1,0,,1,,,,,,,,,,2,2,2,2,2,2,1,,,,,,,,,,,,,,,,,,,,,,,,,,,,,,,,,,,,,,,,,,,,,,,,,,,,,,,,,,,,,,,,,,,,,,,,,,,,,,,,,,,,,,,,,,,David.Weibel,video,,
2019-11-10 15:34:45,2019-11-10 15:34:45,1,,100,0,1,2019-11-10 15:34:45,R_28CnCTdm9D6FOrm,,,,,47.3090972900390625,8.55889892578125,preview,DE,,,,,,,,,,,,,,,,,,,,,,,,,,,,,,,,,,,,,,,,,,,,,,,,,,,,,,,,,,,,,,,,,,,,,,,,,,,,,,,,,,,,,,,,,,,,,,,,,,,,,,,,,,,,,,,,,,,
2019-11-10 15:48:00,2019-11-10 15:50:38,0,178.197.248.11,100,158,1,2019-11-10 15:50:39,R_Qca5g6xsyBw4U37,,,,,47.3090972900390625,8.55889892578125,anonymous,DE,2,1,0,,3,,,,,,,,,,,,,,,,,,,,,,,,,,,,,,,,,,,,,,,,,,2,1,3,2,3,4,1,2,2,1,1,1,4,3,2,4,2,2,2,2,3,2,3,3,2,4,2,3,1,3,2,2,2,3,2,1,1,2,1,3,2,3,4,4,4,3,2,2,1,1,1,1,1,1,1,1,1,1,1,1,1,1,1,1,1,99999,text.bild,,
2019-11-10 15:54:37,2019-11-10 15:54:37,0,178.197.248.11,100,0,1,2019-11-10 15:54:38,R_3rP1TMrcM6CJMWe,,,,,47.2530059814453125,8.7720947265625,anonymous,DE,,,,,,,,,,,,,,,,,,,,,,,,,,,,,,,,,,,,,,,,,,,,,,,,,,,,,,,,,,,,,,,,,,,,,,,,,,,,,,,,,,,,,,,,,,,,,,,,,,,,,,,,,,,,,,,,,,,
2019-11-12 15:20:04,2019-11-12 15:22:40,0,130.92.154.123,100,155,1,2019-11-12 15:22:41,R_8u1rgPQEHnH44oh,,,,,46.9167022705078125,7.466705322265625,anonymous,DE,ff,6,0,,6,3,3,3,3,3,3,3,3,3,2,2,2,2,2,2,1,,,,,,,,,,,,,,,,1,1,1,1,1,,,,1,2,1,1,1,1,1,1,1,1,1,1,1,1,1,1,1,1,1,1,1,1,1,1,1,1,1,1,1,1,1,1,1,1,1,1,1,1,1,1,1,1,1,1,1,1,1,1,1,1,2,2,2,2,2,2,2,2,2,2,2,2,2,2,2,2,2,David.Weibel,video,,
2019-11-14 09:57:39,2019-11-14 10:08:46,0,130.92.255.36,100,667,1,2019-11-14 10:08:47,R_41nq9ch2rbCN1Wp,,,,,46.9167022705078125,7.466705322265625,anonymous,DE,21,4,1,,3,,,,,,,,,,,,,,,,,,,,,,,,,,,,,,,,5,5,6,6,4,,,,3,3,1,1,2,1,1,1,1,1,1,1,2,2,3,1,1,4,4,1,3,4,5,2,2,3,3,2,2,4,4,1,4,5,4,4,2,3,3,4,5,4,2,5,1,4,1,5,2,4,2,1,1,1,1,2,2,1,1,1,,1,1,1,1,1,2,99999,text.bild,,
2019-11-14 10:42:28,2019-11-14 10:52:58,0,130.92.255.36,100,629,1,2019-11-14 10:52:59,R_2TLyWcPapBncWUY,,,,,46.9167022705078125,7.466705322265625,anonymous,DE,27,6,0,,3,,,,,,,,,,6,4,6,5,6,2,2,,4,5,4,2,2,3,2,2,5,3,2,4,4,2,,,,,,,,,2,2,3,2,1,1,3,1,1,2,2,1,1,2,5,1,2,4,4,4,3,5,4,2,3,5,1,3,3,4,4,3,4,3,3,3,4,3,3,4,3,4,3,3,2,3,2,4,4,3,1,1,2,1,2,1,1,1,2,1,1,2,1,2,1,2,1,dani,video,,
2019-11-24 12:19:50,2019-11-24 12:23:44,0,178.197.249.48,100,234,1,2019-11-24 12:23:45,R_pboL1PLUpLNLNaV,,,,,46.9257965087890625,7.4145050048828125,anonymous,DE,12345,1,0,,2,5,5,5,5,5,5,5,5,5,3,3,3,3,3,1,1,,5,3,5,3,5,5,3,5,5,3,5,5,3,5,,,,,,,,,,,1,1,4,2,2,1,2,2,3,2,1,1,2,4,2,1,1,1,2,2,2,1,1,2,2,3,3,1,1,3,2,2,1,3,1,2,2,2,2,3,4,2,2,1,3,3,2,2,1,1,1,1,1,1,1,1,1,1,1,1,1,1,1,1,1,99999,video,,
2019-11-25 08:19:32,2019-11-25 08:46:18,0,130.92.255.36,100,1606,1,2019-11-25 08:46:19,R_10pA3cyDS2bxv6c,,,,,46.9167022705078125,7.466705322265625,anonymous,DE,66,6,0,,2,3,1,7,1,4,2,2,1,7,6,5,4,5,5,4,3,,1,1,6,6,1,5,6,4,4,3,6,7,5,1,,,,,,,,,,,1,1,1,1,1,1,1,1,1,2,1,1,4,1,1,4,4,4,3,5,4,5,2,5,4,2,1,5,5,1,4,4,4,5,4,5,2,4,2,5,1,5,1,3,4,5,3,4,2,2,1,1,1,1,2,2,2,1,2,2,1,1,2,2,2,ARDS53,video,,
2019-11-25 09:16:03,2019-11-25 09:24:43,0,130.92.255.36,100,519,1,2019-11-25 09:24:43,R_1q1IdKUPxOiFEMv,,,,,46.9167022705078125,7.466705322265625,anonymous,DE,24,4,0,,3,,,,,,,,,,,,,,,,,,,,,,,,,,,,,,,,,,,,,5,5,5,4,2,2,1,1,1,2,1,3,2,1,1,2,1,4,4,4,3,4,4,1,4,4,2,1,4,2,2,3,4,3,2,5,2,2,4,4,4,4,5,4,4,2,5,1,2,1,4,4,5,2,1,2,1,1,1,1,1,1,2,1,1,1,2,1,1,1,ARLW95,text,,
2019-11-25 12:43:52,2019-11-25 12:55:10,0,130.92.255.36,100,677,1,2019-11-25 12:55:10,R_1DoF63WGXooyPDf,,,,,46.9167022705078125,7.466705322265625,anonymous,DE,22,5,0,,3,,,,,,,,,,,,,,,,,,,,,,,,,,,,,,,,,,,,,5,5,4,4,2,4,2,2,1,2,1,3,1,1,3,1,3,2,2,3,4,3,1,3,3,4,2,2,4,2,3,4,5,3,2,2,2,2,2,4,4,3,5,5,2,1,5,2,4,3,4,3,3,2,2,1,1,1,1,2,1,1,1,2,2,2,2,2,2,1,ARDR97,text,,
2019-11-25 13:41:47,2019-11-25 13:48:32,0,130.92.255.36,100,404,1,2019-11-25 13:48:32,R_2rSi7Rx0QyigB3h,,,,,46.9167022705078125,7.466705322265625,anonymous,DE,24,4,0,,1,,,,,,,,,,,,,,,,,,,,,,,,,,,,,,,,6,5,7,6,5,,,,4,2,2,1,1,1,1,1,2,1,1,2,1,1,4,3,4,4,4,4,1,5,4,2,3,4,2,2,4,4,3,1,4,4,2,4,5,3,3,4,4,2,1,5,1,4,3,4,1,4,2,1,1,1,2,2,1,1,1,1,1,2,1,1,2,1,2,ARSF95,text.bild,,
2019-11-25 14:33:39,2019-11-25 14:43:36,0,130.92.255.36,100,596,1,2019-11-25 14:43:37,R_3oI4YnHViyKelDj,,,,,46.9167022705078125,7.466705322265625,anonymous,DE,21,4,1,,2,,,,,,,,,,,,,,,,,,,,,,,,,,,,,,,,,,,,,5,6,4,3,1,1,1,1,1,1,1,2,1,1,2,1,2,4,2,2,4,4,5,4,4,4,2,2,4,2,2,4,4,4,1,4,4,3,5,4,4,4,4,4,2,1,5,1,4,2,4,1,4,2,1,1,1,2,1,1,2,2,1,1,2,2,2,1,2,2,ARJA99,text,,
2019-11-25 15:53:14,2019-11-25 16:03:23,0,130.92.255.36,100,608,1,2019-11-25 16:03:24,R_z9eD1LLgZYBsELL,,,,,46.9167022705078125,7.466705322265625,anonymous,DE,19,4,1,,2,6,7,1,7,7,4,7,7,1,6,1,1,1,1,4,3,,1,6,6,3,2,3,5,4,3,5,7,2,2,4,,,,,,,,,,,1,1,1,1,1,1,1,1,1,2,1,1,4,1,1,4,4,5,1,4,5,2,1,4,4,4,3,5,4,1,5,4,4,4,1,5,2,5,4,5,5,5,1,4,1,5,1,5,2,2,1,1,1,1,1,1,1,1,1,1,2,2,1,1,2,ARHL00,video,,
2019-11-25 16:44:32,2019-11-25 16:55:15,0,130.92.255.36,100,643,1,2019-11-25 16:55:16,R_3kLHKhtq4kycFPK,,,,,46.9167022705078125,7.466705322265625,anonymous,DE,25,4,0,,3,2,1,2,1,2,2,3,1,7,5,3,5,4,5,5,2,,2,2,4,5,1,1,6,2,5,2,4,2,2,1,,,,,,,,,,,1,1,1,1,1,1,2,1,1,3,1,2,4,4,2,2,3,2,1,3,2,4,4,2,2,2,4,4,4,1,5,3,2,2,2,5,1,5,1,5,1,2,1,2,1,2,3,5,2,2,1,1,1,1,1,2,1,2,1,2,2,2,1,2,1,ARMS94,video,,
2019-11-26 07:41:13,2019-11-26 07:52:22,0,130.92.255.36,100,668,1,2019-11-26 07:52:22,R_3rE4ljkCsnIUH2p,,,,,46.9167022705078125,7.466705322265625,anonymous,DE,54,5,1,,3,,,,,,,,,,,,,,,,,,,,,,,,,,,,,,,,,,,,,2,4,3,4,2,1,1,1,1,1,1,1,1,1,1,1,1,4,1,2,1,4,2,2,4,2,3,2,2,2,2,4,3,2,1,5,2,1,4,4,5,1,5,2,2,1,4,1,2,1,5,1,5,2,2,2,2,2,1,1,2,2,1,1,2,2,2,2,2,1,ARAR65,text,,
2019-11-26 08:26:14,2019-11-26 08:51:50,0,130.92.255.36,100,1535,1,2019-11-26 08:51:50,R_1pW3tQ9ddy1xZjB,,,,,46.9167022705078125,7.466705322265625,anonymous,DE,21,4,0,,2,,,,,,,,,,,,,,,,,,,,,,,,,,,,,,,,2,6,5,7,5,,,,4,2,1,1,1,1,1,1,1,1,1,1,1,2,4,1,2,4,5,5,5,5,4,2,4,5,1,1,2,3,4,1,5,4,5,5,4,5,3,5,2,3,1,5,1,4,2,5,2,5,2,1,2,1,1,1,2,1,2,1,1,2,2,1,1,1,1,ARAR98,text.bild,,
2019-11-26 09:18:58,2019-11-26 09:34:50,0,130.92.255.36,100,952,1,2019-11-26 09:34:51,R_3oAgiqPveuL6229,,,,,46.9167022705078125,7.466705322265625,anonymous,DE,19,4,1,,2,,,,,,,,,,,,,,,,,,,,,,,,,,,,,,,,7,6,6,6,6,,,,4,2,1,1,1,1,1,1,1,1,1,1,1,1,5,1,2,4,4,5,3,5,5,2,2,4,1,1,1,4,5,2,4,5,4,5,2,4,4,5,2,5,2,5,3,4,1,4,2,4,2,1,1,1,1,1,2,1,1,1,2,1,2,1,1,1,1,ARSW00,text.bild,,
2019-11-26 09:49:45,2019-11-26 10:20:44,0,130.92.255.36,100,1859,1,2019-11-26 10:20:45,R_3PKUEzOaYkp3iPB,,,,,46.9167022705078125,7.466705322265625,anonymous,DE,25,4,1,,2,,,,,,,,,,,,,,,,,,,,,,,,,,,,,,,,,,,,,5,5,6,3,2,2,2,1,2,2,1,2,1,1,2,2,1,5,1,1,4,4,5,4,4,4,1,2,4,1,2,2,4,4,1,4,2,3,4,1,4,3,5,4,4,2,5,2,2,1,3,4,4,2,1,1,2,1,2,2,1,1,1,2,1,1,2,2,2,2,ARLW94,text,,
2019-11-26 10:39:08,2019-11-26 11:42:11,0,130.92.255.36,100,3783,1,2019-11-26 11:42:12,R_32R4V8e9EVh2ujr,,,,,46.9167022705078125,7.466705322265625,anonymous,DE,25,5,1,,2,,,,,,,,,,,,,,,,,,,,,,,,,,,,,,,,5,6,6,6,5,,,,4,3,2,1,1,1,2,1,2,1,1,2,1,1,3,2,2,2,3,3,3,3,4,3,2,4,4,3,2,4,3,2,4,3,4,4,3,3,3,4,3,5,2,4,2,5,2,4,1,4,2,2,2,1,1,1,2,2,1,1,1,2,2,2,1,2,1,ARAS94,text.bild,,
2019-11-27 07:12:28,2019-11-27 07:36:09,0,130.92.255.35,100,1420,1,2019-11-27 07:36:09,R_1mRCJTupGvkjZ5f,,,,,46.9167022705078125,7.466705322265625,anonymous,DE,21,4,0,,2,7,5,6,2,6,7,1,4,5,7,2,6,5,7,4,3,,6,4,1,5,5,6,5,3,3,6,2,5,3,2,,,,,,,,,,,1,1,1,1,1,1,1,1,1,1,1,1,2,2,1,4,4,4,2,5,4,4,2,5,1,1,2,4,4,1,5,3,4,5,1,5,1,5,4,4,1,2,1,5,1,5,2,5,2,1,1,2,1,1,1,2,2,1,1,2,2,2,1,2,1,FSHM98,video,,
2019-11-27 16:54:09,2019-11-27 17:28:01,0,130.92.255.36,100,2032,1,2019-11-27 17:28:01,R_2U3oducaH0sGZR7,,,,,46.9167022705078125,7.466705322265625,anonymous,DE,23,5,1,,1,,,,,,,,,,,,,,,,,,,,,,,,,,,,,,,,,,,,,6,5,6,5,3,1,1,1,1,1,1,1,1,1,2,2,1,5,1,1,5,5,5,4,5,5,1,1,5,2,1,1,5,4,1,5,5,5,4,1,5,2,5,4,5,3,5,1,4,1,5,2,5,2,1,1,1,2,1,1,2,1,2,1,1,2,2,1,2,1,FSJS96,text,,
2019-11-28 07:51:43,2019-11-28 08:02:00,0,130.92.255.36,100,617,1,2019-11-28 08:02:01,R_1jB45kidOGDsWCO,,,,,46.9167022705078125,7.466705322265625,anonymous,DE,22,4,1,,3,,,,,,,,,,,,,,,,,,,,,,,,,,,,,,,,,,,,,6,6,6,5,3,2,1,1,1,1,1,3,1,1,4,1,3,2,1,1,5,5,4,4,4,3,2,2,3,2,2,1,1,4,1,2,2,3,5,2,4,2,5,1,5,1,4,3,5,2,2,2,5,2,1,1,1,1,2,2,1,1,1,2,1,2,1,1,1,2,ASSA97,text,,
2019-11-28 09:02:16,2019-11-28 09:16:08,0,130.92.255.36,100,832,1,2019-11-28 09:16:09,R_2rxqlPbE3Utf2A0,,,,,46.9167022705078125,7.466705322265625,anonymous,DE,52,3,1,,5,7,1,7,1,1,1,1,1,7,6,5,6,6,6,4,2,,1,2,1,1,1,1,5,7,1,7,2,6,4,2,,,,,,,,,,,2,2,2,1,1,2,2,1,2,2,4,1,5,5,1,4,4,2,5,4,5,1,3,4,4,2,1,5,5,1,5,4,5,5,1,5,4,5,1,5,1,4,2,3,1,5,4,4,2,2,2,1,2,2,1,2,1,2,1,1,1,2,2,2,1,ASMS67,video,,
2019-11-28 10:31:33,2019-11-28 10:46:21,0,130.92.255.36,100,887,1,2019-11-28 10:46:21,R_9MugZbShgqB8W4N,,,,,46.9167022705078125,7.466705322265625,anonymous,DE,22,4,0,,4,5,1,7,1,6,6,4,4,6,5,4,5,3,5,4,2,,1,4,6,1,1,1,2,1,4,2,6,3,2,1,,,,,,,,,,,3,2,1,3,4,1,4,3,3,4,4,2,5,3,2,5,4,4,5,4,4,1,1,5,1,2,1,4,5,2,4,4,5,2,4,4,4,5,5,5,3,5,3,1,3,3,5,4,2,1,1,1,1,2,1,2,2,1,2,2,2,2,1,2,2,ASSS97,video,,
2019-11-28 11:16:35,2019-11-28 11:28:00,0,130.92.255.36,100,685,1,2019-11-28 11:28:01,R_3s0y56BRZ1OJMiy,,,,,46.9167022705078125,7.466705322265625,anonymous,DE,22,4,0,,,,,,,,,,,,,,,,,,,,,,,,,,,,,,,,,,3,3,7,7,6,,,,4,3,4,1,1,1,4,1,1,1,1,3,3,4,5,4,4,2,2,5,5,2,5,1,1,5,1,1,1,2,5,4,2,4,5,4,4,2,1,5,5,5,4,4,1,4,1,5,4,5,2,1,2,1,2,2,1,1,1,2,1,1,1,2,2,1,2,ASSG97,text.bild,,
2019-11-28 12:06:50,2019-11-28 12:15:37,0,130.92.255.36,100,526,1,2019-11-28 12:15:37,R_32YjUXndBgTMK18,,,,,46.9167022705078125,7.466705322265625,anonymous,DE,20,4,1,,5,,,,,,,,,,,,,,,,,,,,,,,,,,,,,,,,,,,,,7,6,6,4,3,2,2,1,1,2,1,3,1,1,4,3,2,5,1,2,2,4,3,1,2,4,4,2,3,4,2,4,2,3,1,4,4,3,5,2,4,2,4,4,4,1,4,2,5,2,5,2,5,2,2,1,2,1,1,2,1,1,1,1,2,1,2,2,2,1,ASSS99,text,,
2019-11-28 12:55:37,2019-11-28 13:06:26,0,130.92.255.36,100,648,1,2019-11-28 13:06:27,R_3374UsJK1KoBWVg,,,,,46.9167022705078125,7.466705322265625,anonymous,DE,23,4,1,,3,,,,,,,,,,,,,,,,,,,,,,,,,,,,,,,,6,6,6,6,7,,,,3,3,2,1,1,1,1,1,1,1,1,1,1,2,4,1,1,4,4,3,4,4,4,1,4,5,1,2,4,4,4,1,4,4,2,2,4,4,4,5,4,4,1,5,1,2,2,2,2,5,2,2,1,2,1,2,2,2,1,2,1,2,1,2,2,2,1,ASCH96,text.bild,,
2019-11-28 13:44:46,2019-11-28 13:57:56,0,130.92.255.36,100,790,1,2019-11-28 13:57:56,R_2z6EHJln2fC9iPe,,,,,46.9167022705078125,7.466705322265625,anonymous,DE,57,3,1,,3,,,,,,,,,,,,,,,,,,,,,,,,,,,,,,,,6,6,3,6,3,,,,4,2,1,1,1,1,1,1,1,1,1,5,1,1,5,1,1,1,4,4,4,4,5,1,2,4,4,2,1,5,4,1,4,4,4,4,1,5,1,4,5,5,2,4,1,3,1,5,1,4,2,1,1,1,1,2,2,1,1,1,1,,1,2,2,1,2,ASHK62,text.bild,,
2019-11-28 15:09:37,2019-11-28 15:22:19,0,130.92.255.36,100,762,1,2019-11-28 15:22:20,R_1Io5uJPj7WtVHjD,,,,,46.9167022705078125,7.466705322265625,anonymous,DE,21,4,0,,1,6,2,5,2,6,6,2,2,6,6,3,4,3,5,4,3,,4,4,2,3,4,5,5,2,2,5,5,4,1,1,,,,,,,,,,,2,1,1,1,2,1,2,1,1,2,1,2,4,2,1,4,3,3,5,4,4,2,1,5,1,2,4,5,5,1,4,4,4,5,4,4,4,4,2,2,1,4,2,2,4,3,4,5,1,1,1,1,1,1,1,1,1,1,1,2,2,1,2,2,1,ASDG98,video,,
2019-11-28 15:46:10,2019-11-28 15:52:40,0,130.92.255.36,100,389,1,2019-11-28 15:52:41,R_1ey3O2XvnTx3qb2,,,,,46.9167022705078125,7.466705322265625,anonymous,DE,21,4,0,,6,,,,,,,,,,,,,,,,,,,,,,,,,,,,,,,,,,,,,6,6,6,4,2,4,3,1,2,4,1,2,3,2,3,2,5,4,3,5,2,2,1,1,3,2,2,4,1,2,4,4,1,1,2,4,4,1,5,5,2,4,2,4,2,4,4,4,4,5,5,4,3,1,1,2,1,1,2,2,1,1,1,1,2,1,2,2,2,2,ASDB98,text,,
2019-11-29 11:23:37,2019-11-29 11:31:12,0,130.92.255.36,100,455,1,2019-11-29 11:31:12,R_3HHPPJLXWibkJS6,,,,,46.9167022705078125,7.466705322265625,anonymous,DE,21,4,1,,2,,,,,,,,,,,,,,,,,,,,,,,,,,,,,,,,,,,,,5,7,6,4,3,1,1,1,1,2,1,1,1,1,4,1,1,4,1,1,4,2,5,4,5,4,1,1,5,4,2,2,4,5,1,5,3,2,3,4,4,4,4,5,5,4,4,1,2,1,4,4,4,2,2,1,1,2,1,1,2,2,2,1,2,2,2,1,2,1,ASLI98,text,,
2019-11-29 11:51:19,2019-11-29 12:18:02,0,130.92.255.36,100,1603,1,2019-11-29 12:18:02,R_12Qo8B6z2pIEzAQ,,,,,46.9167022705078125,7.466705322265625,anonymous,DE,19,2,0,,3,6,5,6,2,5,6,5,6,6,6,5,6,6,6,4,1,,4,3,5,3,2,2,3,2,4,6,2,4,5,1,,,,,,,,,,,3,1,1,1,1,1,2,1,1,2,1,2,2,3,2,2,2,1,3,2,2,4,4,4,4,3,4,4,2,3,2,2,2,4,2,4,4,4,4,4,2,4,4,3,1,5,2,4,2,2,1,1,1,2,1,1,1,1,2,1,1,2,2,2,1,ASLH01,video,,
2019-11-29 12:18:16,2019-11-29 13:17:29,0,130.92.255.36,100,3553,1,2019-11-29 13:17:30,R_2X1CG4ByOVQIgfh,,,,,46.9167022705078125,7.466705322265625,anonymous,DE,24,4,0,,3,,,,,,,,,,,,,,,,,,,,,,,,,,,,,,,,5,6,6,6,6,,,,5,2,2,1,1,1,1,1,2,1,5,1,1,2,4,2,1,2,4,3,4,4,4,2,2,3,3,2,2,5,4,1,3,2,3,4,1,4,4,2,2,4,2,4,3,4,1,5,4,4,2,1,1,1,1,2,1,1,1,1,2,1,1,1,2,1,1,ASLB95,text.bild,,
2019-11-29 14:03:53,2019-11-29 14:10:57,0,130.92.255.36,100,423,1,2019-11-29 14:10:58,R_Cky30o8qsec3AwF,,,,,46.9167022705078125,7.466705322265625,anonymous,DE,27,5,1,,1,,,,,,,,,,,,,,,,,,,,,,,,,,,,,,,,,,,,,7,7,4,4,3,2,2,1,1,1,1,1,1,1,2,1,1,5,1,1,4,5,5,5,5,4,1,1,5,4,1,1,5,5,1,5,5,5,5,1,5,3,5,4,5,1,5,1,4,1,4,2,5,2,1,2,1,1,2,2,1,1,1,1,1,1,1,2,2,2,ASJK92,text,,
2019-11-29 14:49:46,2019-11-29 15:03:10,0,130.92.255.36,100,804,1,2019-11-29 15:03:11,R_2y1S1iOEyHwvXiS,,,,,46.9167022705078125,7.466705322265625,anonymous,DE,22,4,1,,2,5,6,2,6,7,7,5,6,2,6,6,7,6,6,4,3,,5,3,3,4,5,5,6,5,2,5,5,5,4,2,,,,,,,,,,,1,1,1,1,1,1,2,1,1,2,2,1,4,2,1,4,5,4,4,5,5,1,2,5,2,1,2,4,5,1,5,5,4,5,1,4,1,5,1,4,1,5,1,5,1,5,2,5,2,2,1,1,2,,2,2,2,1,1,1,2,2,1,2,2,ASFG97,video,,
2019-11-29 15:31:07,2019-11-29 15:36:59,0,130.92.255.36,100,351,1,2019-11-29 15:36:59,R_VJAHWfPa5vMGEQp,,,,,46.9167022705078125,7.466705322265625,anonymous,DE,21,4,0,,2,,,,,,,,,,,,,,,,,,,,,,,,,,,,,,,,5,6,6,7,6,,,,4,3,4,1,1,1,1,1,1,2,1,1,1,1,4,1,2,5,3,5,5,4,5,2,2,4,2,2,3,4,4,4,5,2,4,3,4,4,2,5,4,5,1,5,2,2,1,4,3,4,1,2,1,1,1,2,2,1,2,1,2,1,1,2,1,1,1,ASLK98,text.bild,,
2019-12-02 07:29:01,2019-12-02 07:54:28,0,130.92.255.36,100,1527,1,2019-12-02 07:54:29,R_3EQKlkxR09OrmBA,,,,,46.9167022705078125,7.466705322265625,anonymous,DE,21,4,1,,2,,,,,,,,,,,,,,,,,,,,,,,,,,,,,,,,6,5,5,6,6,,,,4,3,4,1,1,1,2,1,1,1,5,2,1,1,4,1,1,4,4,4,1,4,2,4,1,1,1,2,4,2,1,1,4,4,2,4,2,4,2,5,2,5,1,5,2,4,2,5,1,4,2,2,1,1,1,1,2,2,2,1,1,1,2,2,1,2,1,FSJM98,text.bild,,
2019-12-03 08:25:08,2019-12-03 09:00:27,0,130.92.255.36,100,2119,1,2019-12-03 09:00:28,R_1DObpcoIkEgub2M,,,,,46.9167022705078125,7.466705322265625,anonymous,DE,20,4,1,,1,,,,,,,,,,,,,,,,,,,,,,,,,,,,,,,,,,,,,6,3,3,4,3,1,1,1,1,1,1,2,1,1,3,1,1,5,1,1,5,4,4,4,5,4,3,1,4,1,2,2,5,4,1,5,4,5,3,3,5,1,5,4,5,1,5,1,2,1,5,1,5,2,2,2,1,2,2,2,1,2,1,2,2,2,2,1,2,2,FSJX99,text,,
2019-12-03 09:23:37,2019-12-03 09:53:48,0,130.92.255.36,100,1811,1,2019-12-03 09:53:48,R_2b2BKYkY0GscIWB,,,,,46.9167022705078125,7.466705322265625,anonymous,DE,25,5,1,,2,,,,,,,,,,,,,,,,,,,,,,,,,,,,,,,,,,,,,4,6,4,4,3,1,1,1,2,1,1,2,1,5,2,1,1,4,1,2,4,4,4,5,5,4,2,2,5,4,2,1,4,5,2,3,4,4,2,2,4,4,5,4,5,3,5,1,1,1,2,4,4,2,1,1,1,2,2,2,2,2,1,2,2,2,2,2,1,1,FSNS94,text,,
2019-12-03 12:51:55,2019-12-03 13:24:45,0,130.92.255.36,100,1969,1,2019-12-03 13:24:45,R_Wdi5MxNuef3Qfkt,,,,,46.9167022705078125,7.466705322265625,anonymous,DE,21,4,1,,3,,,,,,,,,,,,,,,,,,,,,,,,,,,,,,,,5,6,6,6,5,,,,4,2,1,1,2,1,2,1,2,1,1,4,1,1,3,2,1,4,4,2,2,4,3,2,1,4,4,2,1,3,4,1,4,5,4,5,2,5,3,5,4,5,2,5,1,4,1,4,2,5,2,2,1,1,2,1,2,1,1,1,2,1,2,2,1,2,2,FSPG98,text.bild,,
2019-12-03 13:33:07,2019-12-03 14:16:29,0,130.92.255.36,100,2601,1,2019-12-03 14:16:29,R_eUPjr2aDGB7r4CB,,,,,46.9167022705078125,7.466705322265625,anonymous,DE,20,4,1,,2,,,,,,,,,,,,,,,,,,,,,,,,,,,,,,,,,,,,,7,6,6,4,2,1,1,1,1,1,1,1,1,1,1,1,1,2,2,1,2,2,2,2,4,2,4,1,5,2,2,3,2,2,1,5,3,2,4,4,3,2,5,4,3,1,5,1,5,1,5,1,5,2,1,1,1,2,2,2,1,1,2,1,1,2,2,1,2,2,FSLK99,text,,
2019-12-03 14:24:57,2019-12-03 14:59:59,0,130.92.255.36,100,2102,1,2019-12-03 15:00:00,R_2fDQHE5VTkvASzn,,,,,46.9167022705078125,7.466705322265625,anonymous,DE,29,5,0,,2,6,5,2,5,1,1,1,5,2,6,5,5,5,5,4,3,,5,2,6,6,1,6,7,5,1,7,5,3,3,2,,,,,,,,,,,1,1,1,1,1,1,1,1,1,2,1,1,4,1,1,4,4,5,5,5,4,1,4,5,2,2,1,4,5,1,5,3,5,4,4,5,2,5,4,5,1,5,1,4,2,5,2,5,2,1,1,1,2,1,1,1,2,1,2,1,1,2,1,1,1,FSLW90,video,,
2019-12-04 10:23:40,2019-12-04 11:07:27,0,130.92.255.36,100,2626,1,2019-12-04 11:07:27,R_cGPTdBiuCeeMBYB,,,,,46.9167022705078125,7.466705322265625,anonymous,DE,21,4,1,,2,7,2,2,5,2,3,3,2,2,7,6,6,5,6,4,2,,2,4,6,1,2,5,5,5,2,6,3,3,5,1,,,,,,,,,,,1,1,1,1,1,1,2,1,1,1,1,1,4,1,2,4,4,2,1,4,2,4,4,2,4,2,2,2,4,1,5,4,2,5,2,4,1,4,2,5,1,4,1,5,1,5,2,5,2,2,1,1,1,2,1,2,1,2,1,2,2,2,1,2,2,FSLM98,video,,
2019-12-04 15:06:42,2019-12-04 15:52:13,0,130.92.255.36,100,2731,1,2019-12-04 15:52:13,R_3oF8cPznTB6ucdf,,,,,46.9167022705078125,7.466705322265625,anonymous,DE,52,3,0,,2,,,,,,,,,,,,,,,,,,,,,,,,,,,,,,,,,,,,,6,5,5,4,3,2,1,1,1,2,1,2,1,1,2,1,2,4,3,1,4,3,5,5,4,2,1,2,4,2,1,1,3,4,1,4,2,3,4,4,4,3,4,3,5,1,5,1,3,1,4,2,5,2,2,2,1,2,1,1,2,1,1,1,2,2,2,1,2,1,FSJS67,text,,
2019-12-04 16:21:25,2019-12-04 16:55:46,0,130.92.255.36,100,2061,1,2019-12-04 16:55:47,R_w7w9Bh4z7RCEOIN,,,,,46.9167022705078125,7.466705322265625,anonymous,DE,22,4,0,,2,,,,,,,,,,,,,,,,,,,,,,,,,,,,,,,,,,,,,4,5,5,4,3,4,1,1,1,1,1,1,1,5,1,1,3,1,1,1,1,3,1,3,3,3,2,2,3,5,3,3,3,3,1,3,4,3,1,4,2,4,4,4,1,1,5,4,1,1,2,4,3,1,1,1,2,1,2,1,1,1,1,1,1,1,1,1,1,1,NSVS97,text,,
2019-12-05 09:48:57,2019-12-05 10:12:16,0,130.92.255.36,100,1399,1,2019-12-05 10:12:17,R_2D7Vt9cYhKKSmDI,,,,,46.91510009765625,7.462493896484375,anonymous,DE,23,5,0,,4,2,1,1,1,1,3,2,1,6,5,2,3,2,3,5,3,,2,1,1,4,1,2,4,3,2,2,6,2,2,1,,,,,,,,,,,2,1,1,2,1,1,2,1,2,3,1,2,4,4,4,1,1,1,1,2,1,4,4,2,1,5,5,1,2,5,3,1,2,5,4,4,5,4,5,2,2,4,4,4,5,4,4,4,1,1,2,1,1,1,1,1,2,1,1,1,2,2,1,2,1,NSVS96,video,,
2019-12-05 10:46:14,2019-12-05 11:12:10,0,130.92.255.36,100,1555,1,2019-12-05 11:12:10,R_PUwOj5J32eBfikF,,,,,46.91510009765625,7.462493896484375,anonymous,DE,54,6,1,,3,6,1,3,1,5,6,1,1,6,6,3,4,3,2,4,3,,2,2,3,5,2,2,4,2,4,1,2,2,2,1,,,,,,,,,,,1,1,1,1,1,1,1,1,1,1,1,1,5,1,1,4,5,5,5,5,5,1,1,5,4,1,1,5,5,1,5,5,5,4,1,5,1,5,5,5,1,5,1,3,1,5,3,5,2,1,1,2,1,2,1,1,1,1,1,1,1,2,2,2,2,NSDS65,video,,
2019-12-05 12:01:32,2019-12-05 12:21:44,0,130.92.255.36,100,1211,1,2019-12-05 12:21:46,R_ymcgSYGX8Yx7YeR,,,,,46.91510009765625,7.462493896484375,anonymous,DE,21,4,1,,3,,,,,,,,,,,,,,,,,,,,,,,,,,,,,,,,,,,,,6,6,6,4,2,1,1,1,1,2,1,1,1,1,2,1,2,1,1,1,1,3,1,1,1,1,2,1,3,5,4,4,1,3,1,3,3,1,4,4,4,4,5,4,4,1,5,1,4,1,5,4,4,2,2,1,2,1,2,2,1,1,1,1,2,1,1,1,2,2,NSNT98,text,,
2019-12-05 12:59:42,2019-12-05 13:19:00,0,130.92.255.36,100,1157,1,2019-12-05 13:19:00,R_2l9n33F0LmlsafD,,,,,46.91510009765625,7.462493896484375,anonymous,DE,20,4,1,,3,,,,,,,,,,,,,,,,,,,,,,,,,,,,,,,,6,7,6,6,6,,,,4,2,2,1,2,1,2,1,2,2,1,3,2,1,4,2,1,3,3,2,1,2,4,2,2,4,2,2,2,2,2,1,4,3,1,4,2,4,2,4,5,4,2,5,1,2,1,4,2,5,2,1,1,1,1,1,1,1,1,1,2,1,2,1,2,2,2,NSAS99,text.bild,,
2019-12-05 14:07:26,2019-12-05 14:25:43,0,130.92.255.36,100,1097,1,2019-12-05 14:25:44,R_2eRJv8HeLGh1REL,,,,,46.91510009765625,7.462493896484375,anonymous,DE,22,4,1,,4,,,,,,,,,,,,,,,,,,,,,,,,,,,,,,,,6,7,7,5,6,,,,2,1,2,1,1,1,1,1,2,1,5,4,1,2,4,2,1,4,3,3,2,3,4,3,4,4,3,3,2,3,4,2,3,4,4,4,2,4,4,5,5,5,2,4,2,3,1,3,2,4,2,1,1,1,1,2,2,1,1,1,1,1,1,2,2,1,2,NSLK97,text.bild,,
2019-12-05 15:16:22,2019-12-05 15:30:56,0,130.92.255.36,100,873,1,2019-12-05 15:30:56,R_12Gq9uPl33lQ5fL,,,,,46.91510009765625,7.462493896484375,anonymous,DE,21,4,0,,5,6,5,2,5,3,5,4,3,3,7,5,6,5,7,4,2,,4,6,2,5,5,5,4,3,1,6,3,4,2,1,,,,,,,,,,,4,4,4,4,4,3,5,4,2,4,4,4,4,4,4,2,2,1,4,4,4,4,2,2,1,4,2,4,4,2,2,4,2,4,4,4,4,3,5,5,2,5,4,2,2,4,4,2,2,1,1,1,1,1,2,1,1,1,1,1,2,2,2,1,2,NSGC98,video,,
2019-12-05 16:57:14,2019-12-05 17:19:58,0,130.92.255.36,100,1364,1,2019-12-05 17:19:59,R_yBF7TQL00t7T7Wx,,,,,46.91510009765625,7.462493896484375,anonymous,DE,24,4,0,,2,,,,,,,,,,,,,,,,,,,,,,,,,,,,,,,,,,,,,6,6,6,4,2,2,1,1,1,1,1,1,2,1,1,1,2,2,3,2,2,4,2,1,4,5,3,1,5,3,4,5,5,2,1,5,3,1,4,4,3,3,4,3,2,1,5,2,2,3,5,2,5,1,2,2,1,1,2,2,2,1,1,1,2,2,2,1,2,1,NSKS95,text,,
2019-12-05 18:33:08,2019-12-05 18:53:33,0,130.92.255.36,100,1225,1,2019-12-05 18:53:34,R_2SvoEQ3sQD3cDCV,,,,,46.91510009765625,7.462493896484375,anonymous,DE,22,4,1,,3,,,,,,,,,,,,,,,,,,,,,,,,,,,,,,,,6,5,7,6,6,,,,4,2,1,1,1,1,2,1,2,1,1,1,2,1,4,2,2,2,4,2,1,4,5,2,1,4,4,2,1,4,4,1,4,4,3,4,4,4,3,5,4,5,4,5,1,2,2,4,1,4,2,1,1,1,1,2,2,1,1,1,1,1,1,1,1,1,2,NSLR97,text.bild,,
2019-12-06 08:04:56,2019-12-06 08:29:25,0,130.92.255.36,100,1469,1,2019-12-06 08:29:26,R_3KrqUQYccja4pKv,,,,,46.91510009765625,7.462493896484375,anonymous,DE,21,4,1,,3,,,,,,,,,,,,,,,,,,,,,,,,,,,,,,,,7,7,5,7,7,,,,4,2,1,1,1,1,2,1,1,1,5,4,1,1,2,5,4,1,4,1,1,4,2,2,1,5,5,1,5,4,1,5,5,1,1,5,4,4,1,4,4,5,1,5,1,1,1,2,2,4,2,2,1,2,1,1,1,1,1,2,1,1,2,2,1,1,1,NSAP98,text.bild,,
2019-12-06 11:11:00,2019-12-06 11:22:20,0,130.92.255.36,100,680,1,2019-12-06 11:22:20,R_2EGJqZ4ZOxqzH91,,,,,46.91510009765625,7.462493896484375,anonymous,DE,22,4,1,,2,,,,,,,,,,,,,,,,,,,,,,,,,,,,,,,,,,,,,7,7,6,4,2,1,1,1,1,1,1,1,1,1,1,1,1,4,1,1,4,5,2,4,4,4,2,1,4,2,2,2,4,3,1,5,4,4,4,2,5,3,5,4,5,1,4,1,4,1,5,4,5,2,2,1,2,1,1,2,1,1,1,1,1,2,2,1,2,2,NSHM97,text,,
2019-12-06 11:23:45,2019-12-06 12:00:47,0,130.92.255.36,100,2222,1,2019-12-06 12:00:48,R_3qVDNjnGgIA6hvL,,,,,46.91510009765625,7.462493896484375,anonymous,DE,21,4,1,,3,6,3,3,5,5,6,5,1,5,5,1,3,1,3,4,3,,5,7,3,3,3,5,3,3,3,2,2,2,1,1,,,,,,,,,,,5,1,4,1,4,1,4,1,1,2,1,2,4,1,1,1,5,1,4,5,5,1,2,5,1,1,1,5,5,1,5,5,5,5,2,5,1,5,5,5,2,5,1,2,2,2,1,5,2,1,1,2,1,1,2,1,1,1,1,2,2,2,2,2,2,NSIW98,video,,
2019-12-06 16:06:39,2019-12-06 16:25:21,0,130.92.255.36,100,1122,1,2019-12-06 16:25:22,R_3nAzpHyvHM4D6pn,,,,,46.91510009765625,7.462493896484375,anonymous,DE,29,4,0,,2,6,4,3,5,6,7,4,4,2,3,1,5,5,2,4,2,,2,6,1,1,2,2,4,5,2,5,6,2,3,3,,,,,,,,,,,2,1,1,1,1,1,2,1,1,2,1,1,4,1,2,4,4,4,3,4,4,1,2,5,2,2,1,4,3,1,4,4,4,4,3,5,4,5,5,5,1,4,1,2,1,4,2,5,2,1,1,1,1,2,2,1,1,2,1,1,1,2,1,2,2,NSGS90,video,,
2019-12-07 09:06:16,2019-12-07 09:27:08,0,130.92.255.36,100,1251,1,2019-12-07 09:27:08,R_ZDEy3AVg7QB5vep,,,,,46.91510009765625,7.462493896484375,anonymous,DE,18,3,0,,4,,,,,,,,,,,,,,,,,,,,,,,,,,,,,,,,,,,,,2,5,3,4,1,2,2,1,2,1,1,2,2,1,4,1,2,3,1,2,2,4,1,2,4,4,1,2,4,2,3,2,4,3,2,4,4,2,2,1,4,4,5,4,5,2,4,2,2,1,2,1,2,2,1,2,1,1,2,2,1,2,1,1,2,2,2,2,2,1,NSSS01,text,,
2019-12-07 09:42:29,2019-12-07 09:58:25,0,130.92.255.36,100,955,1,2019-12-07 09:58:25,R_Z9I6sBsqY6dSZoZ,,,,,46.91510009765625,7.462493896484375,anonymous,DE,62,7,0,,2,,,,,,,,,,,,,,,,,,,,,,,,,,,,,,,,5,5,6,5,5,,,,4,3,1,1,1,1,1,1,1,1,1,2,1,1,5,2,3,4,4,5,4,5,4,2,4,3,1,2,1,4,4,1,5,4,3,5,4,4,2,4,3,5,1,5,1,5,1,4,4,5,2,2,1,2,1,2,2,1,2,1,2,1,1,2,2,2,2,NSMS57,text.bild,,
2019-12-09 16:54:53,2019-12-09 17:39:35,0,130.92.255.36,100,2682,1,2019-12-09 17:39:36,R_RqstR5N2zD0eqPL,,,,,46.91510009765625,7.462493896484375,anonymous,DE,23,4,1,,2,,,,,,,,,,,,,,,,,,,,,,,,,,,,,,,,,,,,,6,7,7,4,2,1,1,1,1,1,1,1,1,1,2,1,1,4,1,2,4,4,4,2,4,2,1,1,5,4,1,1,4,5,1,4,3,4,4,2,4,2,5,4,5,1,4,1,2,1,4,2,5,2,2,1,1,2,1,1,2,1,2,1,1,2,2,1,2,2,JWSK96x,text,,
2019-12-10 08:17:22,2019-12-10 08:32:29,0,130.92.255.36,100,906,1,2019-12-10 08:32:30,R_Xp6XCiR5HliRb0t,,,,,46.91510009765625,7.462493896484375,anonymous,DE,21,4,1,,2,6,5,5,1,5,4,2,3,4,7,7,7,7,7,4,3,,5,7,4,5,4,6,1,3,6,5,3,3,6,1,,,,,,,,,,,1,1,1,1,1,1,2,1,1,3,1,1,5,1,1,3,4,5,4,5,5,2,1,5,2,1,1,5,4,1,5,5,4,4,3,5,2,5,3,5,2,5,1,5,1,4,3,5,2,1,1,1,2,2,2,1,1,1,2,1,1,2,1,1,2,JWRV98x,video,,
2019-12-10 09:14:41,2019-12-10 09:21:54,0,130.92.255.36,100,432,1,2019-12-10 09:21:54,R_2TAEA9PrztNdZjr,,,,,46.91510009765625,7.462493896484375,anonymous,DE,21,4,1,,3,,,,,,,,,,,,,,,,,,,,,,,,,,,,,,,,6,6,6,6,5,,,,4,2,2,1,1,1,2,2,2,1,1,2,2,4,3,2,2,4,4,4,5,4,4,2,2,5,2,1,1,4,4,1,4,5,4,4,2,4,1,4,2,5,4,5,2,3,1,2,1,4,2,2,2,1,2,1,1,2,1,2,1,2,2,2,1,2,1,JWIK97x,text.bild,,
2019-12-10 11:23:36,2019-12-10 11:33:34,0,130.92.255.36,100,598,1,2019-12-10 11:33:34,R_DMnJXcLQKeVjRMR,,,,,46.91510009765625,7.462493896484375,anonymous,DE,56,5,0,,2,,,,,,,,,,,,,,,,,,,,,,,,,,,,,,,,,,,,,6,2,2,3,3,4,1,1,1,1,1,1,1,1,2,1,1,5,4,2,4,5,4,5,5,5,1,2,4,2,1,4,4,5,1,5,4,4,2,4,5,2,5,5,5,2,5,1,4,2,4,2,5,2,1,1,1,1,2,1,1,1,1,1,2,1,2,1,2,2,JWML63x,text,,
2019-12-10 12:14:02,2019-12-10 12:25:48,0,130.92.255.36,100,705,1,2019-12-10 12:25:49,R_1P0CsYhDeAGHTAF,,,,,46.91510009765625,7.462493896484375,anonymous,DE,21,4,0,,2,,,,,,,,,,,,,,,,,,,,,,,,,,,,,,,,5,5,7,5,5,,,,4,3,1,1,1,1,1,1,1,1,1,1,1,1,5,1,2,3,3,4,5,4,5,1,2,4,1,2,4,5,4,1,5,2,2,4,4,5,4,5,5,4,4,4,1,4,1,4,2,5,2,2,2,1,1,2,1,1,2,1,2,2,2,2,1,2,2,JWJL98x,text.bild,,
2019-12-10 13:10:03,2019-12-10 13:16:24,0,130.92.255.36,100,381,1,2019-12-10 13:16:25,R_3O60R6HCZLLApFs,,,,,46.91510009765625,7.462493896484375,anonymous,DE,22,5,1,,2,,,,,,,,,,,,,,,,,,,,,,,,,,,,,,,,6,5,5,6,6,,,,5,3,1,1,1,1,1,1,1,1,1,2,1,1,4,1,2,2,4,2,3,4,3,3,2,4,4,2,2,5,4,1,4,2,2,5,4,5,2,5,4,4,2,5,1,5,2,5,2,5,2,2,2,1,1,1,2,1,1,1,1,1,1,1,1,1,2,JWPJ97x,text.bild,,
2019-12-10 14:09:37,2019-12-10 14:22:47,0,130.92.255.36,100,789,1,2019-12-10 14:22:47,R_3gUBMBYLxJGrrUd,,,,,46.91510009765625,7.462493896484375,anonymous,DE,31,6,0,,2,5,1,5,3,5,4,5,4,3,6,2,2,2,3,4,2,,1,1,7,7,1,3,3,1,5,4,7,1,1,1,,,,,,,,,,,1,1,1,1,1,1,1,1,1,1,1,1,5,1,1,3,4,5,5,4,5,1,1,5,2,1,1,5,3,1,5,4,3,5,1,4,3,5,5,5,1,5,1,2,1,5,2,5,2,1,1,1,1,2,2,1,1,1,1,1,1,1,1,1,1,JWFN90x,video,,
2019-12-10 16:18:54,2019-12-10 16:32:55,0,130.92.255.36,100,840,1,2019-12-10 16:32:55,R_1rIHSzCyjGfdQqv,,,,,46.91510009765625,7.462493896484375,anonymous,DE,25,4,1,,2,3,2,6,4,6,4,5,3,6,5,2,2,2,4,3,2,,3,6,4,3,2,4,3,3,5,2,7,1,3,3,,,,,,,,,,,2,1,1,1,1,1,1,1,1,1,1,2,5,2,1,4,4,5,5,4,4,2,4,5,2,1,2,5,5,1,4,4,4,5,2,4,4,4,4,4,4,5,1,4,1,2,4,5,2,1,2,1,,2,2,1,1,1,2,2,1,1,2,2,2,JWNW94x,video,,
2019-12-11 14:35:52,2019-12-11 15:11:22,0,130.92.255.36,100,2130,1,2019-12-11 15:11:23,R_3D09hr2YXDVdzmW,,,,,46.91510009765625,7.462493896484375,anonymous,DE,21,4,0,,1,,,,,,,,,,,,,,,,,,,,,,,,,,,,,,,,7,6,6,7,7,,,,4,3,1,1,1,1,1,1,2,1,1,2,1,1,2,1,2,3,5,3,1,5,4,3,2,4,2,3,3,2,3,1,5,4,3,5,3,4,2,5,3,5,1,5,1,5,1,4,2,5,2,2,1,1,1,2,1,1,2,2,1,2,1,1,1,2,2,JWES98x,text.bild,,
2019-12-12 06:58:05,2019-12-12 07:28:22,0,130.92.255.36,100,1816,1,2019-12-12 07:28:22,R_3KYEoWGKQDmX59n,,,,,46.91510009765625,7.462493896484375,anonymous,DE,21,4,1,,2,,,,,,,,,,,,,,,,,,,,,,,,,,,,,,,,,,,,,5,6,6,5,2,1,1,1,1,1,1,1,1,1,1,1,1,4,5,1,3,4,3,3,5,2,2,2,5,3,1,1,2,2,2,5,4,1,4,2,5,3,5,5,5,4,5,1,2,1,1,1,5,2,2,2,1,2,1,1,2,1,1,1,2,2,2,2,2,1,JWLB98x,text,,
2019-12-12 07:49:20,2019-12-12 08:25:26,0,130.92.255.36,100,2165,1,2019-12-12 08:25:26,R_2qfNhXgTuwJE1vk,,,,,46.91510009765625,7.462493896484375,anonymous,DE,22,4,0,,2,,,,,,,,,,,,,,,,,,,,,,,,,,,,,,,,,,,,,5,6,6,5,1,1,1,1,1,1,1,1,1,1,1,1,1,2,4,2,4,4,2,5,5,4,2,1,5,2,2,3,4,4,1,4,2,5,5,4,4,2,5,2,2,1,5,1,1,2,5,4,5,2,2,1,1,2,1,2,1,1,1,1,2,2,2,2,2,1,JWLL97x,text,,
2019-12-12 08:37:03,2019-12-12 09:35:57,0,130.92.255.36,100,3534,1,2019-12-12 09:35:58,R_1DRUCw2XQZnTUUX,,,,,46.91510009765625,7.462493896484375,anonymous,DE,30,5,0,,2,5,5,5,5,5,2,4,5,6,4,7,6,3,6,5,3,,3,2,4,2,3,5,5,1,5,5,5,3,3,2,,,,,,,,,,,1,1,1,1,2,2,2,1,1,1,1,1,4,2,1,4,4,4,4,4,5,2,2,4,4,2,1,5,4,2,3,4,4,4,3,4,5,5,5,5,4,4,1,4,3,4,4,4,2,1,1,1,1,2,1,1,1,1,1,2,2,2,1,2,1,JWLT89,video,,
2019-12-12 14:07:04,2019-12-12 14:22:41,0,130.92.255.36,100,936,1,2019-12-12 14:22:41,R_2bJmyzi4X2ZHEg5,,,,,46.91510009765625,7.462493896484375,anonymous,DE,21,4,0,,1,7,1,7,1,1,1,2,1,7,6,4,6,6,6,4,2,,3,6,4,5,5,5,3,2,6,4,3,6,4,3,,,,,,,,,,,1,1,1,1,1,1,1,1,1,1,1,1,5,1,1,3,4,3,3,4,4,2,2,5,2,1,2,4,4,1,5,4,3,4,2,4,2,5,4,4,1,4,1,3,1,5,4,5,2,1,1,2,2,2,1,2,1,1,2,1,1,2,1,2,2,JWLH98x,video,,
2019-12-13 13:49:52,2019-12-13 14:22:30,0,130.92.255.36,100,1957,1,2019-12-13 14:22:31,R_vuCzFIF8TgMbCKZ,,,,,46.91510009765625,7.462493896484375,anonymous,DE,22,4,1,,2,,,,,,,,,,,,,,,,,,,,,,,,,,,,,,,,7,7,7,7,5,,,,4,3,2,1,1,1,2,1,2,1,1,2,1,1,5,1,4,4,4,5,4,4,4,1,2,5,2,1,1,5,5,1,5,4,5,5,2,4,4,4,5,5,2,5,1,2,1,5,2,4,2,1,2,2,1,1,1,1,1,2,1,2,1,2,1,2,1,JWYA97x,text.bild,,
2019-12-13 15:20:44,2019-12-13 15:32:48,0,130.92.255.36,100,724,1,2019-12-13 15:32:48,R_DkFzX8AtuCktWN3,,,,,46.91510009765625,7.462493896484375,anonymous,DE,23,4,1,,1,,,,,,,,,,,,,,,,,,,,,,,,,,,,,,,,,,,,,6,6,6,4,2,2,1,1,1,2,1,4,1,1,1,1,2,5,1,1,4,4,5,5,5,4,1,1,5,2,1,1,5,5,1,5,4,5,5,1,5,2,5,5,5,2,2,4,1,1,2,2,5,2,1,2,1,1,2,2,1,1,1,1,2,1,1,1,1,2,JWEE96x,text,,
2019-12-16 12:53:05,2019-12-16 13:24:33,0,130.92.255.36,100,1888,1,2019-12-16 13:24:34,R_DV4508pFs8tUuGJ,,,,,46.91510009765625,7.462493896484375,anonymous,DE,25,5,1,,2,6,2,6,2,5,6,2,2,6,6,3,5,5,4,4,3,,5,3,2,6,5,6,6,4,2,6,3,4,5,6,,,,,,,,,,,2,1,1,1,1,2,1,1,1,2,2,2,4,1,2,3,4,4,4,4,4,1,3,5,3,1,2,4,4,1,4,5,3,4,2,3,4,4,4,4,2,4,2,4,1,4,3,4,2,1,1,2,1,1,2,1,1,1,2,1,2,2,1,1,2,ARGZ94,video,,
2019-12-19 09:58:24,2019-12-19 10:18:37,0,130.92.255.36,100,1212,1,2019-12-19 10:18:37,R_1i24TJlFUYfCmbX,,,,,46.91510009765625,7.462493896484375,anonymous,DE,32,4,0,,2,,,,,,,,,,,,,,,,,,,,,,,,,,,,,,,,6,6,7,6,6,,,,4,3,2,2,2,2,1,2,2,1,2,2,2,1,3,2,1,2,3,4,2,4,3,4,1,4,1,2,2,3,3,1,4,3,3,4,2,4,2,4,2,4,3,5,1,4,1,3,2,4,2,2,1,1,1,2,2,2,1,1,1,2,1,2,2,1,1,FSNK87,text.bild,,
2019-12-19 12:39:58,2019-12-19 13:05:55,0,130.92.255.36,100,1556,1,2019-12-19 13:05:55,R_3QRU9TnCCu2QDAe,,,,,46.91510009765625,7.462493896484375,anonymous,DE,29,4,1,,2,,,,,,,,,,,,,,,,,,,,,,,,,,,,,,,,6,7,7,6,6,,,,4,3,2,1,1,1,1,1,2,1,1,4,1,2,4,2,2,2,4,5,4,4,4,2,2,5,2,1,2,4,4,1,3,2,2,4,2,4,4,5,4,2,2,4,1,1,1,2,1,5,2,2,1,1,2,2,2,1,2,1,1,2,1,2,1,2,1,FSMM90,text.bild,,
2019-12-19 14:22:57,2019-12-19 14:50:48,0,130.92.255.36,100,1671,1,2019-12-19 14:50:48,R_27OrQKHQ6fuDwoa,,,,,46.91510009765625,7.462493896484375,anonymous,DE,51,4,0,,2,,,,,,,,,,,,,,,,,,,,,,,,,,,,,,,,5,6,6,5,4,,,,4,3,1,1,1,1,1,1,1,1,1,1,1,1,2,1,1,2,4,2,5,4,4,2,1,5,1,1,1,5,4,1,3,5,4,5,2,4,2,5,4,4,2,5,1,5,1,5,2,4,2,1,2,1,2,1,1,2,1,1,1,1,2,2,1,2,2,FSAN68,text.bild,,
2019-12-19 15:03:32,2019-12-19 15:38:59,0,130.92.255.36,100,2127,1,2019-12-19 15:39:00,R_cSCaZWSB2uOPIwF,,,,,46.91510009765625,7.462493896484375,anonymous,DE,50,5,1,,2,3,1,7,1,1,6,1,1,7,4,3,1,4,2,4,3,,5,2,1,4,4,4,3,1,6,2,6,4,4,2,,,,,,,,,,,1,4,3,1,1,1,1,1,1,4,2,1,5,1,1,2,4,5,5,4,5,1,1,5,2,1,2,5,5,1,3,4,5,1,1,4,3,4,1,5,1,5,1,1,1,4,2,4,2,2,1,2,2,1,1,2,2,2,1,2,2,2,1,2,1,FSFW69,video,,
2019-12-21 15:02:34,2019-12-21 15:35:14,0,130.92.255.36,100,1959,1,2019-12-21 15:35:14,R_2tgOGJH97gWfbEk,,,,,46.91510009765625,7.462493896484375,anonymous,DE,28,6,1,,1,6,4,3,4,6,7,5,5,3,6,3,2,3,4,4,3,,4,6,2,5,1,3,6,5,2,6,5,3,3,1,,,,,,,,,,,1,1,1,1,1,1,4,1,1,2,1,1,4,1,2,2,5,2,5,4,2,4,1,5,4,1,2,4,4,1,5,4,2,2,2,4,4,2,4,5,1,5,1,2,4,2,2,5,2,2,1,1,2,2,2,1,1,1,2,2,1,1,1,2,2,FSCS91,video,,
